AdminStrata,Boucle-Du-Mouhoun,Cascades,Centre,Centre-Est,Centre-Nord,Centre-Ouest,Centre-Sud,Est,Hauts-Bassins,Nord,Plateau-Central,Sahel,Sud-Ouest
Indicator,rCSI,rCSI,rCSI,rCSI,rCSI,rCSI,rCSI,rCSI,rCSI,rCSI,rCSI,rCSI,rCSI
2019-09-08,19.499504459861207,8.430560782837777,7.589967284623753,20.05104934770273,18.757612667478625,14.900027389756188,12.38493723849373,21.201308355634808,9.364467982667275,22.71168557108936,14.915040906230304,23.673469387755123,17.76190476190478
2019-09-09,19.567379413227204,8.421052631578936,7.067894624116494,20.271466509294733,18.821524226929576,14.71645919778696,12.714776632302414,21.84438040345817,9.933931099575236,22.640021036024127,14.729645742697294,23.856041131105425,17.561205273069692
2019-09-10,20.40068409479595,8.507406000759579,6.096451319381241,20.698845128812504,20.437424058323145,14.58733205374276,12.326388888888896,21.582115219260487,10.294816928197775,21.24933262146284,14.798626287855107,24.63104325699748,17.814155031295158
2019-09-11,20.405576679340893,7.966929725667032,4.536082474226792,20.595167943429534,19.915779043844378,14.072614691809699,11.374832064487245,21.066433566433528,9.403388165970997,19.800914716168894,13.589178987102834,23.317925012840284,17.336561743341427
2019-09-12,19.23852748361065,8.317861121425906,4.178562159356334,20.72886297376088,18.716847688810248,14.400921658986135,10.915341641598628,20.388349514563068,9.257842387146106,19.389684039967538,12.263242375601905,23.122003196590327,17.24825523429713
2019-09-13,19.54081632653057,8.299370137087799,4.233499868524836,19.078540507111885,18.20448877805481,13.782324524012466,12.059447983014865,21.023553358534414,9.802862543883304,17.4217002237136,12.358460045292759,23.355430902600737,15.384615384615405
2019-09-14,18.87978142076499,8.573567952077862,3.739061256961008,17.637540453074397,18.34997064004693,14.009243212016136,12.821594264023618,20.674864169287922,9.40677966101692,17.725558456628907,10.93700031979531,22.564855604503197,15.139442231075716
2019-09-15,19.098949695964578,8.853783982365893,3.739061256961008,17.75244299674263,18.882175226586057,14.057971014492715,12.997007268063278,20.40345821325645,8.960778700257631,17.849839322231915,10.979133226324217,22.302854378326092,12.031558185404355
2019-09-16,18.61971830985912,8.487768717568557,4.2498838829540055,17.857142857142808,18.79699248120296,13.327475102519006,13.131749460043206,20.72599531615921,8.641634456101574,19.456746383229948,10.787839163125184,22.901142573273745,11.960784313725505
2019-09-17,18.66177300959906,8.583208395802089,4.355069014754866,17.167381974248883,19.08011869436197,13.327475102519006,13.103448275862075,20.750293083235604,10.829015544041416,20.03540867512536,10.47085940072438,23.506172839506192,11.71950048030741
2019-09-18,17.915036333146972,8.544776119402972,4.47651663405087,16.398420892802875,19.20257988859567,13.6111920722821,13.941480206540456,21.170395869191008,11.084592946168089,18.511741384568428,10.477759472817114,25.13139034878166,11.504007543611513
2019-09-19,17.416829745596832,7.608299963596642,4.599145513948216,16.027018728891576,18.925166136954587,13.831937626335511,14.652317880794705,20.823927765236977,11.499312242090745,18.27458256029681,9.912536443148667,25.31280076997114,11.613517372679686
2019-09-20,17.61379700310994,9.119718309859142,4.737250841315028,15.887850467289677,18.90331890331885,13.3694181326116,14.437194127243067,20.965011286681673,10.666666666666632,18.27458256029681,10.60940953583831,25.167464114832548,11.613517372679686
2019-09-21,17.60299625468161,9.333795975017335,4.737250841315028,16.419832582099126,18.448067632850197,13.227222832052655,13.853317811408612,21.65354330708657,10.666666666666632,18.27458256029681,10.44126786824112,25.93736215262463,12.625800548947856
2019-09-22,17.60299625468161,9.392458100558645,4.737250841315028,16.419832582099126,18.448067632850197,13.180920124188509,13.490792634107287,21.73913043478257,10.666666666666632,18.27458256029681,10.61946902654865,26.214890771288466,12.060301507537696
2019-09-23,17.77713121908637,9.353268428372726,5.435356200527692,16.451612903225765,18.543247344461264,12.348066298342511,13.599677158999196,20.845231296402023,10.438645197112683,18.49192100538595,10.758885686839557,25.81801882563875,12.143514259429631
2019-09-24,17.15771230502596,9.451862262825001,5.401153644467737,16.80618158403087,19.72949132608052,10.983323749281167,13.868312757201648,21.15942028985504,12.746421820145788,18.482999128160372,10.845706907682352,24.942896299680232,11.978221415607992
2019-09-25,17.961027958203854,9.620886981401988,5.401153644467737,16.811414392059515,20.69364161849705,10.895607529948633,12.775697045359964,20.076201641266092,13.520481237467735,18.068181818181774,9.77220204688014,24.309884238646497,10.763569457221719
2019-09-26,16.47455721113294,10.3900709219858,5.401153644467737,16.964556195092353,21.406382377859305,10.635240011497528,12.330885195206802,19.86082922586253,13.578826237054047,18.203033838973123,8.944182918628094,24.942896299680232,10.853432282003718
2019-09-27,16.7176634214186,10.517584605175827,5.401153644467737,17.538365173817684,21.085894857799424,11.378431927540305,12.689173457508724,21.01406799531064,13.578826237054047,18.058076225045333,9.71316818774444,25.776965265082282,13.278899871078641
2019-09-28,17.154566744730634,10.255580718214151,5.401153644467737,17.7890724269377,21.085894857799424,11.378431927540305,13.480488766259356,20.86351782092144,13.578826237054047,18.910357934748145,9.923175416133144,24.588665447897636,13.452329124945582
2019-09-29,17.154566744730634,10.255580718214151,5.401153644467737,17.7890724269377,21.085894857799424,11.378431927540305,13.417026284817569,20.72254335260112,13.578826237054047,18.910357934748145,9.923175416133144,26.042632066728476,13.487560017459623
2019-09-30,17.230130486358203,10.080106809078755,5.999999999999983,17.36249171636842,21.009918845806986,10.68326577880715,13.312572985597505,20.940420560747626,13.80821917808215,18.810289389067485,10.604113110539824,26.042632066728476,13.558578323826245
2019-10-01,18.748171980111106,10.120643431635372,6.568758344459263,16.81103625280715,19.97093023255809,11.075581395348806,12.905748924520918,21.3265913146936,14.222712238147695,19.110027430661344,10.375203915171268,26.042632066728476,13.630348478164981
2019-10-02,19.422572178477647,10.378006872852216,6.784335355763911,16.347713266299024,18.730158730158685,11.475409836065538,12.07635372029606,21.479928100659045,14.338549075391139,20.38495188101483,10.092034274833363,27.057182705718283,13.721136767317944
2019-10-03,21.055634807417928,10.107095046854068,6.784335355763911,16.2108731466227,18.3464796961729,11.699716713880987,11.872845653006506,22.46266382200545,14.97771173848436,20.853221957040525,10.66925315227932,27.21026110856621,13.646736649931539
2019-10-04,21.146131805157548,10.493398193189703,6.784335355763911,16.275223288124348,18.059220170038067,10.852255971689736,12.390087929656275,21.966255678131052,14.97771173848436,19.99391357273276,10.575324243431972,27.398523985239876,14.075527219225117
2019-10-05,21.146131805157548,10.493398193189703,6.784335355763911,16.275223288124348,18.059220170038067,10.852255971689736,11.931581143095537,21.966255678131052,14.97771173848436,19.99391357273276,9.903713892709748,28.33495618305747,13.964435146443535
2019-10-06,21.146131805157548,10.115979381443283,6.784335355763911,15.948136142625575,18.059220170038067,10.852255971689736,18.27338129496401,21.379720487659792,14.97771173848436,19.99391357273276,11.107533805537646,27.69508344609835,15.212425765189586
2019-10-07,20.769919427036665,10.804597701149406,6.961856495065334,15.250403877221293,17.767653758542103,10.156249999999977,18.40579710144926,21.44348344765877,14.233267438576634,19.981998199819934,9.97695093842606,27.69508344609835,14.745062011943045
2019-10-08,21.34512156615089,10.96666666666665,7.663451232583046,14.700968927497465,17.89894376248925,10.29714621947629,18.506375227686693,21.735187424425593,15.486600846262302,19.364331959976408,9.885807504078283,27.69508344609835,14.66423024211969
2019-10-09,21.694480102695728,11.364421416234872,8.063151959402292,14.332365747460065,18.053556003455178,10.388839418224963,18.669606762219765,22.25317239244812,15.175438596491187,19.146413752222838,9.96382768826042,27.69508344609835,14.799446749654221
2019-10-10,21.93623866627664,11.965217391304334,7.968793535803827,13.253012048192739,18.548621190130586,12.878157091312758,17.403220280918106,20.782087669504854,15.327820437093875,19.745034094278047,13.382899628252758,29.842696629213492,15.307582260371973
2019-10-11,22.013501614323406,12.015368494586086,7.968793535803827,13.253012048192739,18.695143358689247,12.686349020754133,17.547495682210688,20.63857801184987,15.327820437093875,19.81553109193688,13.832853025936576,29.8528058877645,15.229176934450484
2019-10-12,22.013501614323406,12.015368494586086,7.968793535803827,13.253012048192739,18.695143358689247,12.863070539419056,17.348027017419113,20.63857801184987,15.327820437093875,19.81553109193688,13.976059527660928,31.05263157894739,15.829918032786903
2019-10-13,22.013501614323406,11.128477649265369,7.968793535803827,13.253012048192739,18.629737609329407,12.863070539419056,15.8866183256427,19.501335707925165,15.327820437093875,19.81553109193688,14.550015678896179,30.044247787610622,14.385474860335204
2019-10-14,22.950861384084757,11.055764248361491,8.068366233550758,13.946255240397292,18.826436928057998,12.84296036846369,15.86312513390251,19.574622585179164,15.78416871812545,19.99738682379438,14.691495734023619,29.158830507209657,14.570960925869612
2019-10-15,23.888221153846107,10.983050847457614,8.167938931297689,14.639498432601847,19.02313624678659,12.822850197508323,15.83963194216232,19.64790946243316,16.240516999157027,20.179242555651875,14.83297578915106,28.273413226808696,14.756446991404019
2019-10-16,24.62825278810404,11.207194742303688,9.47752126366948,14.42706670922435,18.00356506238855,12.365426022762199,15.445284258954961,19.547657512116288,16.505123234561026,20.450014240956946,14.979882389353113,27.901883486640386,14.700285442435785
2019-10-17,25.89204025617561,11.866160745084498,10.170768458061252,13.84171739826975,18.422601530311912,11.872415829887743,15.445284258954961,20.25443588885167,16.871657754010652,20.110192837465508,14.258793969849222,28.16584046867959,14.396509936984986
2019-10-18,25.89204025617561,11.866160745084498,10.170768458061252,13.441955193482663,18.586698337292127,10.892586989409962,15.830245874031643,20.473773265651413,16.871657754010652,20.110192837465508,14.96867787668972,29.733587059942927,12.637913741223686
2019-10-19,25.89204025617561,11.866160745084498,10.170768458061252,13.4969325153374,18.586698337292127,10.892586989409962,15.03245644004098,20.473773265651413,16.871657754010652,20.110192837465508,15.088069125955439,29.11585365853661,12.257405515832493
2019-10-20,25.89204025617561,11.866160745084498,10.170768458061252,13.4969325153374,18.586698337292127,10.892586989409962,15.094339622641494,20.473773265651413,16.871657754010652,20.110192837465508,15.088069125955439,29.356357927786537,12.332990750256954
2019-10-21,26.997545677665602,14.20658194851741,10.321100917431169,14.254385964912258,23.13239111623877,13.576642335766392,14.373088685015269,20.669352339634305,17.53731343283577,20.4219637543954,14.932392710170454,28.21931589537225,11.95219123505977
2019-10-22,26.994203698592266,13.947536788227744,10.486794407042957,14.495347172512504,23.17583732057411,14.155251141552482,14.025663980901196,19.658659924146626,17.40576496674053,19.770929915462176,14.696296296296262,26.53736991485337,12.76595744680852
2019-10-23,27.51828925154749,13.532626165220165,9.817464232856416,14.331210191082778,23.385636692818302,13.728963684676671,14.025663980901196,20.05804579168008,17.316942811330787,17.534477905994883,14.797136038186126,26.53736991485337,12.890625000000009
2019-10-24,29.568788501026635,13.49834983498348,9.883287807300698,14.004149377593336,24.53106682297767,12.898751733703152,14.025663980901196,20.078999341672134,18.423067108956314,17.796844727373323,15.899825276645277,26.688867745004767,13.226452905811634
2019-10-25,27.507315775472136,13.639551192145847,9.774066797642414,13.696313831586044,23.517842090474797,13.25163864348814,13.971462544589748,20.059191055573805,18.825339830725774,17.268746579091353,15.705882352941144,26.688867745004767,13.173652694610796
2019-10-26,26.11770649153821,13.639551192145847,9.774066797642414,15.092502434274554,22.55456750202096,13.25163864348814,14.277035236938007,19.457735247208905,18.825339830725774,17.268746579091353,16.457960644007127,25.913461538461558,14.147909967845685
2019-10-27,25.268817204301016,13.639551192145847,9.774066797642414,14.879999999999967,22.55456750202096,13.25163864348814,14.277035236938007,19.38353987925005,18.493323255227963,17.268746579091353,16.384683882457665,27.41607324516788,14.262560777957885
2019-10-28,25.194931773879077,15.237444482405175,10.210364289379148,14.682664982633375,23.301781737193714,13.593616414932995,14.076070679844241,19.672647151400668,18.53182751540036,17.197096594081465,15.760869565217359,27.13997985901312,14.035087719298268
2019-10-29,25.60673600792465,15.032018874283773,10.270722857940255,14.865728900255725,21.99170124481323,13.516545148625875,14.989852131052453,19.54587296716782,17.488422773086306,17.054263565891418,15.6651108518086,25.801819052178093,15.727002967359063
2019-10-30,27.26170264370597,15.273972602739713,10.113519091847245,14.020270270270244,22.579742585338497,13.573641227823114,14.937879225657296,18.88535031847132,17.84037558685441,17.092119866814595,15.972635336109429,26.177756192326388,15.303030303030319
2019-10-31,27.80113776898335,14.010624169986704,10.306122448979572,12.629757785467104,21.786790901616836,11.920903954802231,15.090484530064186,18.65117779929007,18.104738154613422,17.257142857142803,16.04356785398878,26.177756192326388,14.527720739219733
2019-11-01,27.718865598027055,13.72804163955756,10.166079516859568,12.642881884308947,21.876719867914094,11.542669584245045,15.354915354915331,18.079640333975565,18.53395440058833,16.781609195402247,19.24134139637159,24.96601721794292,14.801255230125545
2019-11-02,28.909838046893807,14.043261231281178,10.794638583054068,11.9829284307288,22.133845309928642,11.657458563535881,18.100089901108745,17.68216080402007,18.862421001458387,16.781609195402247,19.369120088544506,24.965067536096893,14.285714285714299
2019-11-03,28.957436633189783,14.043261231281178,10.794638583054068,11.84680298604347,22.38928376161832,11.657458563535881,18.459657701711453,17.68216080402007,18.82465360726226,16.781609195402247,19.369120088544506,24.91678554446031,14.520266803488989
2019-11-04,29.166666666666593,14.52962838968863,11.402597402597374,11.374259894047967,22.607752778530717,11.6189427312775,18.377088305489224,16.769180964713474,18.72677730988353,15.552596537949352,19.214932747735336,23.114247904719893,13.534194165471073
2019-11-05,28.883312421580854,14.594240837696313,11.672427545865435,11.078622482131234,20.624113475177253,11.625344352617052,18.585380290026603,18.19063004846525,19.00383141762447,15.852334419109614,19.230769230769184,22.23202470224967,12.910909957122447
2019-11-06,27.701564380264674,15.057393652937186,11.709789277140546,11.118356700358637,21.06674612634084,11.328859060402653,18.8023952095808,18.421870146008047,21.44832788534066,15.479184129645104,19.971469329529207,22.23202470224967,12.03909373611728
2019-11-07,27.281235376696234,14.771953710006787,11.030150753768826,10.908488063660457,22.813801308744747,11.457233368532176,19.79823455233288,18.06223933269167,25.38552787663103,15.955369595536911,21.258972943125297,22.23202470224967,11.73160173160173
2019-11-08,27.509560229445444,15.2387640449438,11.030150753768826,10.463178940353195,22.813801308744747,11.86765108012029,19.55526487900585,17.550214027000305,25.38552787663103,15.832626519649374,21.702367531003343,21.988089784699955,11.792863359442991
2019-11-09,27.509560229445444,14.383561643835602,11.030150753768826,10.463178940353195,22.813801308744747,12.045517624202027,18.838622552329486,17.96427367711491,25.38552787663103,15.832626519649374,22.647058823529363,22.25945428434659,11.959399823477492
2019-11-10,26.723937775713893,18.892822658513005,10.603864734299494,13.401136703559649,21.336620104081014,12.089391491653176,23.40228465575791,17.318080711788983,25.241802311865953,15.313098167897135,25.447741245656186,22.737505628095445,12.033747779751332
2019-11-11,26.79860302677525,18.966074313408694,11.012482662968075,13.261868300153115,21.85746352413014,12.168021680216773,23.40228465575791,17.318080711788983,26.123456790123402,13.9004726160689,25.447741245656186,22.737505628095445,12.098214285714285
2019-11-12,27.346162984081666,18.623096446700483,10.939652796913727,13.878205128205106,21.236178055004203,13.135366506152993,25.39267015706801,16.857407980204126,25.291932059447927,13.01165627541335,25.584520290244498,22.854819032126866,11.98584697036709
2019-11-13,27.60330578512391,18.263845675171094,11.417112299465215,14.454371410338204,19.49219783126152,12.550389680193465,25.10300176574451,16.946517412935304,26.373346897253253,13.601802309208633,27.764518695306226,21.41363446256795,12.087421944692238
2019-11-14,27.505433470176225,18.593601520430767,11.417112299465215,14.12556053811657,19.833153928955813,12.293974601459038,24.984820886460184,17.301587301587286,26.293103448275794,13.24749642346205,29.293463879333085,21.934439498178858,12.168837000449034
2019-11-15,27.787265186630826,17.78145695364236,11.417112299465215,14.12556053811657,19.962080173347726,12.273524254821716,25.614690320572628,17.001295336787546,26.293103448275794,13.24749642346205,29.466484268125786,22.041480276535157,12.234762979683973
2019-11-16,27.787265186630826,17.506906077348038,11.417112299465215,14.12556053811657,19.962080173347726,12.273524254821716,26.719576719576693,15.434412265758073,26.293103448275794,13.24749642346205,30.54452637549625,21.145374449339208,11.348528015194686
2019-11-17,27.787265186630826,17.579750346740614,11.417112299465215,14.12556053811657,19.962080173347726,12.230634828188677,26.284970722186042,15.418652144315846,26.293103448275794,13.24749642346205,30.338028169014017,21.145374449339208,11.732940598919992
2019-11-18,25.74593128390592,16.445021083360334,11.685514270328461,14.210526315789448,20.175198467013363,11.447260834014688,29.58236658932709,14.059590316573539,29.012198038746646,14.883081155433244,33.80952380952374,21.994255231842423,12.762312633832975
2019-11-19,25.92848904267584,16.445021083360334,11.761517615176125,16.494845360824712,19.49323351569244,11.650485436893174,29.352517985611467,14.059590316573539,28.990397093174074,16.055697641375346,34.51840645486629,22.59332023575636,12.653927813163481
2019-11-20,25.441615049323197,16.42903434867139,11.916135881104006,17.011222681630212,18.495203836930422,11.982881597717519,29.33643771827701,14.027149321266947,29.613841524573644,16.424418604651116,37.03429558351829,23.110932475884233,12.324234904880063
2019-11-21,25.20454545454541,16.336633663366307,11.916135881104006,16.290420988407536,17.282837391042946,12.332145793368015,30.97014925373129,13.980757666867087,30.990948070509692,16.09035136642494,38.75305623471873,22.817460317460302,11.972679791080749
2019-11-22,25.596630790828208,16.696207018787643,11.916135881104006,16.08133086876153,17.282837391042946,11.725105189340784,31.48387096774189,13.145112325440175,30.990948070509692,16.09035136642494,38.86386386386377,20.71663920922569,9.670424978317437
2019-11-23,25.596630790828208,17.541899441340767,11.916135881104006,16.141001855287552,17.282837391042946,11.725105189340784,31.477235506059564,13.157066414856768,30.990948070509692,16.09035136642494,39.11167512690345,20.348343245539503,9.72101133391456
2019-11-24,25.181653042688406,17.151988636363615,11.84071729957803,15.978928884986804,16.624401239785822,11.506556061011475,29.29203539823005,12.433075550267676,30.546769091730603,15.256478053939668,40.00480538202778,19.40298507462685,9.150594993844887
2019-11-25,24.925951241740666,16.334122421372985,12.343966712898721,15.825105782792633,16.925638179800178,11.294244798703025,30.22388059701488,12.433075550267676,31.57139440325274,15.28476821192049,39.71511347175268,19.885667619436497,9.150594993844887
2019-11-26,23.917622279428922,16.334122421372985,12.74456521739127,16.432337434094876,17.594462070954677,11.299749512941803,30.463386727688736,12.433075550267676,32.208815562669216,14.894209354120223,39.83050847457618,20.119895091794664,9.10575745202123
2019-11-27,22.759433962264104,15.9669421487603,12.47672253258842,16.578014184397134,18.09861234130495,10.68876821949126,30.887470997679767,12.215078901227331,31.983708672735915,13.870581186339088,40.351722476511576,19.516798791996965,9.150594993844887
2019-11-28,22.871102838529506,16.39236339697166,12.64790954509594,16.71134941912419,17.165071770334894,10.212998361551039,31.536867041752988,11.256926217556117,32.70308123249293,14.154575066627144,40.472134339255184,19.38579654510555,8.493723849372383
2019-11-29,22.871102838529506,16.633266533066102,12.64790954509594,17.02579666160847,17.165071770334894,10.212998361551039,29.97145575642242,11.12102289622359,32.70308123249293,14.154575066627144,41.28884360672431,19.984170953700023,8.410391897842361
2019-11-30,22.871102838529506,16.91022964509392,12.64790954509594,17.02579666160847,17.165071770334894,10.212998361551039,28.52791878172586,10.773567178202304,32.70308123249293,14.154575066627144,41.063666581436884,19.072580645161285,6.392907139524035
2019-12-01,22.224734343205924,16.385704652730922,12.207728279596324,15.661641541038493,16.86330935251795,9.85247629083243,32.08797830671885,10.510235258172914,34.52513966480438,13.460996902281007,41.65856031128396,19.369369369369366,11.329431438127086
2019-12-02,22.285196100657398,15.960691291087745,12.535835287985368,15.860899067005903,17.17467760844076,9.597030752916199,31.22251539138078,10.430563978168573,36.59403126480333,13.224584911156384,41.4769975786924,18.44773790951637,11.011783827712307
2019-12-03,22.60809567617291,15.960691291087745,11.788291900561314,16.023993144815734,16.4411764705882,9.578544061302658,30.40251213245785,10.383338364020508,36.943295205646045,13.47971942665443,41.27710843373485,17.057338622430564,10.905432595573435
2019-12-04,22.64538198403644,15.554821664464965,11.669753903148946,16.322374163514663,17.434693278544138,6.872451951077447,31.39740566037732,10.72247706422016,36.559643777829784,13.093391250387805,40.68965517241371,16.150200510390068,10.905432595573435
2019-12-05,22.59592610137371,15.447687766480785,12.107969151670918,16.062024575775286,17.886178861788586,6.6217732884399405,31.67757287328967,10.163043478260846,37.223756906077256,12.795633717404455,40.64801178203231,15.36505630221575,11.38832997987927
2019-12-06,22.59592610137371,16.526315789473664,12.107969151670918,16.062024575775286,17.951042611060704,6.6217732884399405,32.62081784386613,10.594900849858334,37.223756906077256,12.795633717404455,41.14114114114105,16.089767972613142,11.772046589018295
2019-12-07,22.59592610137371,16.918540361223723,12.107969151670918,16.062024575775286,17.951042611060704,6.6217732884399405,33.89775317486156,10.271722902358897,37.223756906077256,12.795633717404455,40.845070422535116,15.331991951710256,12.4286341677646
2019-12-08,21.824324324324284,16.1392405063291,12.033725089422553,15.412689500280717,17.252396166134144,6.2302006335797095,34.13642052565703,11.120970127181288,39.14544669831669,14.327146171693695,39.93320610687015,15.258309971966355,11.64129987659399
2019-12-09,21.617946974847,16.1392405063291,11.985018726591731,13.766891891891866,17.256885890949928,6.197478991596624,33.5427887492519,11.120970127181288,39.434724091520756,14.406532516768696,39.6601941747572,15.011820330969256,11.128588281557207
2019-12-10,19.61891319689481,16.253541076487235,12.02361782071924,14.011461318051552,17.797888386123642,6.2816076656906965,33.5427887492519,11.160581775007401,41.45873320537417,13.846153846153815,40.43553575847554,15.011820330969256,11.128588281557207
2019-12-11,19.73030518097939,16.322901849217622,11.326957561267154,14.011461318051552,17.960426179604227,6.321993035092405,33.66366366366362,11.160581775007401,42.13399503722073,13.6786188579017,40.5559692231322,15.191387559808607,11.216805390408236
2019-12-12,18.122676579925614,16.150836001422967,11.450159837256582,14.165701042873671,16.948111759287652,6.7685589519650495,32.549361207897746,10.736721873215282,43.90426327599091,13.342228152101375,40.61433447098967,14.940021810250807,10.59925093632958
2019-12-13,17.022285443338042,16.237482117310428,11.571218795888369,13.96396396396394,16.822429906542023,5.3852764250930845,32.549361207897746,10.987726475745154,45.085803432137176,12.120177534994856,41.649694501018246,14.940021810250807,10.59925093632958
2019-12-14,15.901234567901206,15.565345080763569,11.571218795888369,13.438368860055585,15.938646215405115,4.197240974464329,32.48957712924356,11.134142730233913,45.085803432137176,11.635984716915575,42.50196283695358,14.940021810250807,10.647103085026329
2019-12-15,15.485756026296535,14.695222405271805,11.104847801578323,12.644978783592626,12.651413189771175,4.316346421609569,31.62318840579706,9.640568403454976,45.975903614457714,11.492281303602038,43.7948717948717,15.229681978798569,9.738472126634537
2019-12-16,15.485756026296535,13.401709401709384,11.280911364267821,12.0680345572354,12.259537006847058,4.575342465753414,34.13642052565703,8.338226658837327,46.363636363636225,11.26050420168065,44.28857715430853,14.88259668508285,9.38328912466842
2019-12-17,15.485756026296535,13.725490196078415,11.114152751163397,11.91395477109761,12.468112244897936,4.575342465753414,33.77708978328168,8.282582216808754,46.363636363636225,11.026991441737962,43.48253812100336,15.475763016157973,8.682534361381148
2019-12-18,15.31190926275989,13.573407202216046,11.256067961165021,11.739130434782588,12.373417721518962,4.596751995595916,33.77708978328168,7.9952968841857555,47.43558282208575,10.733739186158255,42.951127819548795,15.475763016157973,8.425504229017553
2019-12-19,13.68519383465667,14.109589041095871,11.762936221419945,11.887727022564645,10.703075957313224,4.837775202780986,34.57494743166111,7.5871687587168575,46.933728981206606,10.670731707317053,42.14452214452207,15.283687943262393,8.157480314960615
2019-12-20,13.842975206611545,14.109589041095871,11.924367185117385,12.104230876996336,11.220796314577141,4.854651162790686,34.995439343265375,7.755916737952648,46.775793650793524,11.0720562390158,42.74231678486991,15.283687943262393,8.280051150895126
2019-12-21,14.59694989106751,14.109589041095871,11.924367185117385,10.798258345428138,11.81156910287494,4.871645274212359,34.995439343265375,7.969528274245515,46.775793650793524,11.0720562390158,42.658349328214896,14.80547550432275,8.280051150895126
2019-12-22,14.628820960698665,13.662239089184034,11.117241379310313,10.27340513670255,10.880663688576877,4.5828759604829745,32.659115426105664,7.623318385650207,46.34920634920622,10.6096328730212,40.372388737511294,14.427012278308304,7.8556263269638915
2019-12-23,14.773980154354993,14.650283553875205,11.291678341272032,10.583214793741094,10.880663688576877,4.26762114537444,32.809536710918394,6.8985176738882386,47.202188510320696,10.496501166277886,40.59360730593602,13.778501628664472,7.8627808136004695
2019-12-24,14.773980154354993,15.024232633279452,11.291678341272032,10.619469026548657,11.15472685639514,3.7921348314606655,32.50488690309964,6.882106523040083,47.202188510320696,10.761872224120244,41.346153846153776,14.256825075834156,6.526583890480727
2019-12-25,12.244897959183652,15.024232633279452,11.568986568986542,10.70195627157651,10.977644310977624,3.8527397260273895,32.614177640795695,6.906906906906892,48.945147679324776,11.182108626198067,41.46284101599241,14.256825075834156,6.526583890480727
2019-12-26,11.488539077602852,15.453639082751716,10.981448234590037,10.440639910188027,11.399861399861386,3.785754346606834,32.43243243243238,7.041402236325162,47.48017395753377,10.7508532423208,40.93471113198678,14.256825075834156,6.501744370440838
2019-12-27,11.4609929078014,16.190807799442872,11.161800486617977,10.47592227541536,11.399861399861386,4.029850746268649,32.43243243243238,7.354797979797968,47.55208333333321,10.7508532423208,40.01007810531613,14.704830053667244,6.501744370440838
2019-12-28,9.489916963226557,16.190807799442872,10.376134889753546,10.966981132075457,10.656883298392717,4.029850746268649,31.5743183817062,7.520981278244015,47.463863337713406,10.7508532423208,40.01007810531613,14.768235716852296,6.8791946308724725
2019-12-29,8.555399719495075,16.436597110754384,10.053408733898817,12.607132983135175,9.747523170341944,3.7251655629139,30.415136966958446,6.994896427499236,46.307692307692186,10.416666666666648,37.39109959971737,15.03838101884157,5.853806490749153
2019-12-30,8.555399719495075,15.827793605571351,9.670595346025966,13.073394495412824,9.102946044356157,3.7375415282391935,29.599777654252318,6.938653960690871,46.486486486486356,11.310592459605012,37.16358530306568,15.117502630655885,6.140629971364925
2019-12-31,8.555399719495075,15.792880258899649,9.670595346025966,13.073394495412824,9.148369926813023,3.800675675675667,29.586962629952197,4.391891891891883,46.486486486486356,11.310592459605012,37.26824689040125,15.289109613338036,6.179955171309626
2020-01-01,9.220072551390556,15.792880258899649,9.670595346025966,13.380281690140825,9.148369926813023,4.010695187165768,29.586962629952197,4.5396825396825315,45.96424702058493,11.310592459605012,37.26824689040125,15.289109613338036,6.496129249410961
2020-01-02,9.031838856400244,16.10561056105608,10.505581089954017,13.380281690140825,7.347915242652071,3.764921946740122,29.71218961625278,4.5396825396825315,43.03576621110776,10.65420560747662,37.07865168539318,15.289109613338036,6.689774696707097
2020-01-03,9.40778341793569,16.386836803223616,10.785305021907627,11.54207069127305,7.998511904761896,3.3665835411471265,29.83848115613484,4.5396825396825315,43.338213762811016,10.750660128253477,36.065573770491746,15.289109613338036,6.875667972924823
2020-01-04,9.40778341793569,12.344777209642055,11.088011088011068,10.502283105022821,7.6981418278346565,3.4220532319391577,27.611719443622327,4.36666666666666,43.338213762811016,11.154598825831693,35.598188116173674,14.34862385321099,6.875667972924823
2020-01-05,9.07903331156106,10.646950092421429,11.507191994996846,10.300703774792053,6.959204662324293,3.079555175363552,25.950714937633066,4.4451352191482645,42.92643492320117,10.722347629796827,32.793228536880214,14.470762398223524,6.968048946295027
2020-01-06,9.07903331156106,10.975609756097553,11.594202898550696,10.367031551835145,7.080572026508534,1.9281332164767708,24.172944644611825,4.59659273545483,42.92643492320117,11.50585385547032,32.793228536880214,14.929362352042745,7.003758114109999
2020-01-07,8.171663727219268,10.749076251259641,11.084337349397561,9.48174322732625,6.956819739547623,1.8696883852691182,21.64857729539451,4.434108527131773,43.24536190227319,10.303687635574825,31.763879128601488,12.097080015168734,7.173553719008254
2020-01-08,7.565588773642451,11.080332409972279,10.532876285447152,9.099126242844218,7.9204057744830205,1.9097222222222183,21.64857729539451,3.5804816223067104,42.888342888342756,9.814612868047973,30.297933685727955,12.152380952380936,7.221297836938424
2020-01-09,7.499205592627889,11.461318051575914,10.572411635908637,8.300274641440327,8.061953931691814,2.0264046668713496,21.64857729539451,3.7355371900826375,41.838755304101724,9.944751381215458,26.31443298969068,11.40939597315435,7.221297836938424
2020-01-10,8.024481468888121,11.900334696913335,10.931435963777464,8.300274641440327,8.061953931691814,2.133160956690365,20.366476419345123,3.8898450946643655,42.981691368788034,9.944751381215458,27.343331547937826,11.40939597315435,7.221297836938424
2020-01-11,8.112753523547601,12.144212523719153,10.157858613589546,8.637662750079379,8.061953931691814,2.149837133550485,19.662742602608944,4.005671747607224,42.45283018867916,9.944751381215458,25.7912270960577,11.40939597315435,5.693693693693688
2020-01-12,8.553291012362166,11.887072808320935,9.866666666666646,8.515967438948014,7.526881720430097,2.0992366412213705,17.325428194993393,3.89386629910406,42.11309523809514,9.5846645367412,25.28579205225908,11.40939597315435,5.693693693693688
2020-01-13,7.9207920792079065,10.803511141120849,9.69220694171576,7.503649635036485,7.213930348258695,1.8798063229849007,15.171618113642893,3.4887310898425365,41.49139579349893,5.777310924369737,23.08648111332004,9.410339256865909,8.092485549132936
2020-01-14,8.874656907593762,10.641835716661108,9.068627450980367,4.6813651464814185,7.213930348258695,1.8798063229849007,15.171618113642893,3.4128662035638713,41.49139579349893,4.013015184381773,22.53346554288544,8.01652892561983,7.943925233644848
2020-01-15,8.255159474671656,10.30264005151318,8.468957203134394,3.991720875221756,7.097902097902083,1.872340425531911,14.96869664200339,3.172110552763812,41.23102866779078,3.919491525423724,19.760935910478093,7.928075194115237,7.999999999999986
2020-01-16,8.499678042498374,9.713024282560687,8.438438438438414,4.39591605218377,7.257776188773673,1.0638297872340403,14.96869664200339,3.0962599632127463,39.84374999999991,3.571428571428567,17.054845980465792,8.033126293995856,8.229598893499295
2020-01-17,8.366935483870957,9.37005381449824,8.499697519661199,4.414696667616057,7.257776188773673,1.098565761367102,14.96869664200339,2.859897172236498,40.740740740740655,3.8431677018633508,16.09882964889465,8.083333333333329,8.657693706802466
2020-01-18,8.366935483870957,9.736842105263143,8.499697519661199,4.136534567544107,7.300970873786398,1.1207970112079682,15.729665071770311,2.9151654110710723,41.07806691449806,3.8431677018633508,14.770617873243156,8.083333333333329,8.73394495412843
2020-01-19,7.9047619047618936,9.824561403508751,8.033161806746687,3.6449638286032218,6.932153392330372,1.0495626822157411,15.308335915711165,2.7435265104808813,39.01035673187562,3.696788648244956,14.083438685208574,8.519108280254773,12.149224166391528
2020-01-20,7.4573225516621635,10.287241148964581,6.984219754529494,3.3247348810547392,6.259314456035759,1.0101010101010082,12.764705882352919,2.7435265104808813,39.01035673187562,3.601309567115312,13.890274314214444,7.029741212823473,12.022214962430557
2020-01-21,7.404103479036562,10.287241148964581,6.423662981774705,3.3247348810547392,6.144842721287483,1.0002778549597091,12.112514351320305,2.6694661067786374,39.01035673187562,3.6170990135184486,13.756483082242507,5.423171733771565,12.333657903278134
2020-01-22,7.524932003626463,10.185185185185167,6.491545893719787,3.6560982576406698,5.535455861070902,1.0081209745169402,11.880630630630613,2.6880096647538454,38.156761412575285,3.609187021509293,13.138868112690082,5.389955083707632,13.673088875077655
2020-01-23,5.169050715214556,9.126723571897553,6.211750305997539,3.6739380022962056,5.359019264448327,1.0011123470522787,11.880630630630607,2.6440879382055806,37.311669128508036,3.089371092313346,12.916367121974574,5.389955083707632,13.546798029556625
2020-01-24,5.330204492122018,9.533607681755814,6.407828282828271,3.768030615248744,5.359019264448327,1.027397260273971,11.947904869762151,2.7292241643667547,34.870676223122395,3.1030661248614666,12.481716235982427,5.389955083707632,13.732833957553035
2020-01-25,5.388004066418157,9.612724757952957,6.225165562913897,3.87291981845688,5.0810810810810745,1.0398613518197557,12.09169054441259,2.7460660290033903,34.870676223122395,3.1770045385779087,10.794602698650653,5.41649569142388,10.710676995621405
2020-01-26,8.338499690018585,9.407783417935688,7.842529448233088,3.7514654161781915,4.867103900586804,0.980392156862743,5.72737686139747,2.602339181286544,33.459522422830446,3.1180400890868576,11.023622047244078,5.443298969072162,10.215226469643412
2020-01-27,8.134260659207728,9.407783417935688,7.463126843657798,3.5447244530600903,4.346264367816084,0.980392156862743,5.6038105912020075,2.648809523809518,32.87309048178606,3.043478260869562,11.257309941520452,7.983367983367977,9.956167814652453
2020-01-28,8.134260659207728,9.407783417935688,7.463126843657798,3.5447244530600903,4.365079365079358,0.980392156862743,5.772005772005764,2.648809523809518,32.87309048178606,3.060109289617483,11.306901615271645,10.337892196299263,10.06966434452183
2020-01-29,9.016887816646546,9.583608724388617,7.378244386118383,3.424291064740498,4.05594405594405,0.9809264305177091,7.174392935982329,1.8414481897627923,33.171324422843185,3.0545454545454516,10.242718446601927,10.226820533227206,9.86352357320097
2020-01-30,9.191515524131557,9.285943003522236,6.463768115942012,3.4206306787813947,3.4875922199865785,1.0135135135135114,6.957452502006947,1.9959404600811876,31.53564899451548,3.103066124861468,9.307875894988053,10.400647511129089,9.467821782178195
2020-01-31,9.108402822321986,9.69251336898394,6.509048453006406,3.5020519835841264,3.572655444864301,1.0730253353204156,6.957452502006947,0.9233926128590956,30.91542603737719,0.4580152671755722,9.178863805507305,10.400647511129089,9.51196767174384
2020-02-01,9.167204648160087,9.69251336898394,6.509048453006406,3.5020519835841264,3.572655444864301,1.0730253353204156,6.957452502006947,0.9233926128590956,30.91542603737719,0.4580152671755722,8.523439458510893,10.400647511129089,9.941520467836238
2020-02-02,10.812425328554342,9.69251336898394,6.347850839738097,3.5575319622012183,3.498150016818021,0.9771986970684018,5.7157569515962825,0.8560558021559905,27.711640211640162,0.4439511653718087,8.013198208814506,11.357750647428766,9.941520467836238
2020-02-03,11.078460182192162,9.533201840894133,6.302270011947415,3.5774175517048583,2.4442082890541936,0.9890109890109872,5.169628432956373,0.8416458852867812,28.687499999999947,0.0,8.05114847264976,11.374583178955154,9.78886756238002
2020-02-04,11.078460182192162,9.514435695538038,6.302270011947415,3.5774175517048583,2.4442082890541936,0.9890109890109872,5.333333333333326,0.8353960396039584,28.553654743390307,0.0,7.739499764039628,9.797699325664409,9.896507115135817
2020-02-05,10.814687320711396,9.209272785011096,6.121264868001144,3.52132049518569,2.3493360572012216,0.9244992295839732,5.315614617940192,0.8323057953144246,27.996340347666923,0.0,7.6546091015169075,9.874189858940133,9.763880025526463
2020-02-06,10.908564814814794,8.808456117873144,5.448524984948814,3.4896401308614986,1.977107180020808,0.6045340050377821,5.315614617940192,0.8369497830130171,25.471999999999962,0.0,7.394957983193266,9.942418426103641,9.801409352978842
2020-02-07,11.030522816560877,9.296571226581818,5.506540918770902,3.2284998608405187,2.0622286541244543,0.3179650238473761,5.360134003350074,0.8783344176968101,22.547993019197182,0.0,7.3267326732673155,9.942418426103641,9.88691437802906
2020-02-08,11.230769230769212,8.49125364431486,5.640386413212826,3.389830508474573,2.0622286541244543,0.3179650238473761,5.360134003350074,0.9048257372654138,22.547993019197182,0.0,5.444273240883403,9.98843038951021,10.072416063199453
2020-02-09,10.766961651917384,7.845117845117833,5.3933253873658975,3.3362093758987594,2.0622286541244543,0.30588835075197485,5.3305461196759785,0.8676092544987125,22.528160200250284,0.0,5.268389662027825,9.056460780598703,10.358835477318873
2020-02-10,10.766961651917384,7.845117845117833,5.1134644478063445,3.506650544135425,2.1356313225927286,0.0,5.347313237221487,0.8709677419354818,21.79406190777002,0.0,3.8657171922685607,9.461599366587484,10.999281092739023
2020-02-11,10.766961651917384,7.705026455026442,5.6565656565656415,4.134142815842724,1.4649459365190072,0.0,5.451630144307848,0.8448060075093846,21.79406190777002,0.0,3.867684478371496,10.640689396777807,10.588235294117627
2020-02-12,10.69127123608668,7.5404530744336435,5.603201829616909,4.156976744186041,2.469982847341334,0.7698229407236321,5.399682371625191,1.339712918660284,21.704180064308648,0.0,2.440318302387264,10.640689396777807,10.854913089748123
2020-02-13,10.703812316715519,6.721363206058682,5.089647194910339,4.181286549707597,2.1497671085632364,0.7867820613689992,3.9141070943191023,1.3526570048309152,21.45748987854249,0.0,1.5909674108288403,10.83142639206711,11.258278145695353
2020-02-14,11.111111111111093,6.84447300771207,5.202483003251539,4.196009389671357,2.1802325581395325,0.8232711306256845,4.027972027972022,1.4179608372721109,21.887057172921768,0.0,1.6935263589183265,11.050583657587538,12.004707728520975
2020-02-15,11.111111111111093,6.84447300771207,5.2699228791773685,4.370415647921755,2.226345083487938,0.8340283569641351,2.5766871165644143,1.4295439074200116,22.041681384669708,0.0,1.7004936917169482,11.314741035856564,12.004707728520975
2020-02-16,10.856632956573446,4.445187165775394,4.9249249249249125,7.687844502465903,2.2909507445589896,0.7804370447450554,2.186930486852379,1.3618677042801532,23.826824099303614,0.0,1.4797136038186134,11.3943028485757,11.60555357778567
2020-02-17,10.954381752701057,3.5093696763202678,5.0061050061049945,10.612015721504758,2.1747009786154368,0.7794232268121571,2.395892755276665,1.3829436944352955,24.00867410161086,0.0,1.6489361702127636,12.208835341365454,12.002945508100135
2020-02-18,10.954381752701057,3.439065108514185,4.920492049204908,10.913635101360716,2.1536252692031552,0.7794232268121571,2.395892755276665,1.3761467889908232,24.00867410161086,0.0,1.6307206733298238,13.581183611532614,12.522620340209901
2020-02-19,10.678759508484474,3.3044594161052245,5.669199298655743,12.673112098249257,2.1060021060021024,0.7639419404125267,2.3516237402015636,1.3654096228868635,23.435137586936754,0.4098360655737699,1.5934207144692856,13.428357089272305,12.36155769917826
2020-02-20,10.26785714285712,3.219756173804308,5.83634175691936,14.610559330893855,2.079722703639511,0.7804370447450552,2.261712439418414,0.8695652173913027,23.9856020942408,0.4250797024442077,1.6524520255863515,13.428357089272305,12.36155769917826
2020-02-21,10.924635845471798,3.2318795105114466,5.911029859841545,14.784448558582358,2.191380569758945,0.8077544426494325,2.288828337874656,0.9042196918955108,24.85349879351944,0.4397215097105161,1.7037647705413552,12.965093977752195,13.191002668699953
2020-02-22,11.050608584240846,2.6705276705276657,6.0379707438530845,13.386476085761386,2.21320545924013,0.8403361344537795,2.3076923076923044,0.9401114206128118,25.08698677800971,0.4397215097105161,1.8002322880371646,13.085559427022831,14.008097165991895
2020-02-23,10.595823095823071,1.8641810918774937,5.621558968414939,12.666666666666643,2.1994134897360675,0.8375209380234487,2.253218884120168,0.896712055795415,27.0897832817337,0.4168113928447371,2.515035538545651,15.97676107480028,13.05167861184458
2020-02-24,10.595823095823071,1.899592944369061,4.839203675344553,12.86914115415874,2.1994134897360675,0.8375209380234487,2.339181286549705,0.9121621621621604,27.08725674827365,0.42387848816672496,2.5820937412292984,16.890595009596918,12.772466539196932
2020-02-25,10.595823095823071,1.8918918918918892,4.792235365483761,12.86914115415874,2.1497671085632355,0.8014961261020551,2.331390507910072,0.9003001000333428,27.08725674827365,0.41522491349480894,2.525391161130933,15.781922525107591,12.238915353609366
2020-02-26,10.4418886198547,1.7868538608806603,4.6361502347417725,12.616201859229724,2.081165452653483,0.7913479293062498,2.2888283378746563,0.8869908015768709,26.27892813641895,0.40691759918616416,2.4585783003741284,15.781922525107591,12.185333819773794
2020-02-27,10.195035460992882,1.7337461300309565,4.3682609897705165,12.616201859229724,2.0533880903490718,0.7774034724021746,2.2888283378746563,0.8606949314631795,26.27892813641895,0.39603960396039534,2.361396303901434,15.781922525107591,12.185333819773794
2020-02-28,10.195035460992882,1.7337461300309565,4.3682609897705165,12.616201859229724,2.0533880903490718,0.7774034724021746,2.2888283378746563,0.8606949314631795,26.27892813641895,0.39603960396039534,2.361396303901434,15.781922525107591,12.185333819773794
2020-02-29,10.489510489510467,1.766004415011034,4.132465326917624,12.8205128205128,2.1994134897360684,0.8138903960933241,2.3013698630136954,0.5030181086519105,26.422893481716965,0.4045853000674302,2.4357956049774923,15.867291741795876,12.238915353609366
