C,gamma,l,standardization,loss
0.40021758639083044,0.7336528543570904,132,True,31.12168115678855
0.07690799106197803,0.580464121029558,151,True,30.478215889519177
0.7582064181617025,0.9187706761889542,22,True,26.9537036472007
0.2529041548014188,0.4852072354066476,5,False,42.10745341483456
0.44834821539642905,0.5346016546937231,82,False,32.80114341036797
0.8659210897068443,0.6037387148344361,178,True,32.21634991704741
0.2996932244051782,0.8673288889251659,63,False,33.47799010883061
0.6157384835905538,0.370914923708332,133,False,30.746030617672634
0.48592749814852687,0.5065227725751161,3,True,3.9343490736434585
0.4687628006041288,0.8213253984756664,33,False,35.55207669081971
0.23276776318214978,0.5027604999474793,4,False,41.61081746678568
0.28653676130274985,0.5891859755294232,93,True,32.16780523656961
0.02913674150474925,0.886052928136106,110,False,31.30469959327951
0.7546112088712728,0.638720288569642,38,False,35.09532242592739
0.8078131164358429,0.15468927009550063,152,False,30.530955299669063
0.7973587208819546,0.6056564360915729,54,True,32.38114555602485
0.685685662681975,0.029365679748271447,198,False,30.119798249091843
0.873103946174568,0.4150585567742422,120,True,30.96414992245735
0.38545579257233836,0.7907266723628943,126,False,30.79532517725974
0.3659051831117225,0.09614536409154373,112,False,31.187374688999125
0.5842929259517847,0.26275912385442834,22,True,29.458149327354366
0.9541712985516171,0.9570470389638306,171,True,32.013613334583816
0.5562328918549668,0.9971582435045943,13,True,8.945345841420243
0.5303090881250039,0.6896571354579808,28,True,30.570885868970947
0.6433764299001552,0.9934284022944697,138,True,31.022542309581194
0.16683875651479335,0.27666842947724213,103,True,31.664789608656132
0.5464965033737437,0.23024501580326612,3,True,3.180249849661715
0.4878896638815183,0.24221017950977958,3,True,3.179823449569964
0.7061302284607218,0.2093276724222885,125,True,30.411163788156856
0.41356313387836924,0.007988444836606656,3,True,4.894796091523147
0.17654779416224803,0.3619578794101189,149,True,30.49543588422593
0.36098117532026586,0.09062754718569904,10,True,10.907309116788952
0.12221758420956919,0.2251132618196153,72,True,32.332875851296414
0.5073054341584874,0.3023406728798312,25,True,19.491552285221427
0.9814823778497459,0.14537695277613477,101,True,28.759568356273537
0.6747695243985976,0.4227136191220583,108,True,31.376036172113242
0.31143454185825004,0.0732850920231514,141,True,28.976377221969283
0.5831002684415454,0.33076267117109115,105,True,31.351331195508795
0.4316355336985012,0.43885965887610767,71,True,32.422577549407265
0.8947242180798662,0.1739763239441946,147,True,29.928040037860853
0.46386435862159126,0.24099367068090305,3,True,3.2273232165424806
0.2370229787098434,0.5468312567432374,191,True,31.38352705255964
0.6122431507941459,0.47035135215802315,163,True,31.370181911244515
0.33087443993287546,0.04590440921868849,87,True,29.164594747836265
0.003232996329429638,0.3618316883953195,79,True,32.624974959191356
0.7282534459902147,0.18606909947480632,67,False,33.25766401622656
0.7922380285097059,0.11846252509830378,14,True,10.6973504043689
0.5221205648453404,0.31950310291058537,6,False,45.119652522733396
0.20121279787582919,0.6949124470088945,39,True,34.51874326397117
0.2701069079866192,0.5499882025165078,137,False,30.72670764717667
0.47441785260182506,0.46687587698908894,84,True,32.37582968835097
0.6426357753576364,0.3998324116132287,115,True,31.172352171792927
0.8299894894348095,0.12265653657260861,29,False,35.60537965208708
0.7509084483517893,0.05097711485530887,94,True,25.759386032240865
0.07851617889530371,0.7577291251531667,187,False,30.881272285252624
0.9114822899720658,0.5071060653752433,90,True,31.6744065307936
0.5675696200620558,0.2803859988330972,104,True,31.15325188131008
0.3927401326206621,0.21158689836765843,99,True,31.16785284343327
0.34834705523453974,0.388623057532835,21,False,36.10738872575618
0.4411771276794711,0.614959014556157,117,True,31.343191896840466
0.621679372908596,0.3389921971193783,42,True,31.468228525424152
0.5433892184020477,0.2535065117900973,199,True,31.426957217972994
0.6757822275276105,0.653018732339721,130,False,30.692566398560473
0.09803159651336762,0.01439401734955631,111,True,27.45389419431078
0.4894511899645592,0.1835627968194166,9,True,12.570525463850196
0.4583527880179326,0.23040804807015658,182,True,31.74923234010588
0.4038916202602587,0.13042016972841167,3,True,8.366544553732336
0.499009718913615,0.2952556685220401,98,True,31.421496530413748
0.6006645685416313,0.24900631958350944,27,True,28.802994416919613
0.32354364742036834,0.07539745927626518,3,True,5.285499023202466
0.27271092361764737,0.1592842953239313,3,True,8.801458184909029
0.3715507780771466,0.3474627500122966,156,True,30.94368391221717
0.4235076033585079,0.44759842840734665,123,True,31.15576016825871
0.6972310734431486,0.5203588884009289,37,True,31.62916552553001
0.6374110688264232,0.5730298305106545,127,True,31.239721236682968
0.5251095626702484,0.3832180785938394,166,True,31.511510760812342
0.566343155516788,0.30408179344624664,7,True,5.015542267003686
0.456750012254353,0.09636310045187912,55,True,32.631972435757326
0.3001116516068091,0.20882372422705164,60,True,31.69412879047243
0.19146754405971433,0.2647436267092132,40,False,35.18984771274746
0.6599435469738842,0.03632238736806881,195,True,27.580243499301673
0.7142871590539517,0.4130312846876565,119,True,31.030674198912973
0.5911168937770982,0.47674922750887694,73,True,32.099828817785685
0.2218500855523483,0.17252255932264768,168,False,31.070933378070503
0.1398901924916211,0.3194998776261028,92,True,32.00476790135519
0.840285524415362,0.873525868255748,102,True,31.593125544031533
0.754955543426493,0.2319074121759004,144,True,30.37523381518048
0.78056316447579,0.1413778726127517,53,False,33.90962610269657
0.34492647513631947,0.44474361929191597,193,True,31.401234267172196
0.38795833842361915,0.19928050096898153,176,True,31.6320004405549
0.5485053566416981,0.06726997766644321,57,True,33.54885657128897
0.47918134183304584,0.814042892639343,172,True,31.655183181226693
0.5135313415174687,0.9157710903299083,161,False,30.90891569361055
0.4342607348416391,0.011643773984708589,167,True,21.79863205453322
0.2604523036925255,0.11040905938894442,183,True,31.60910611351012
0.7295221759464987,0.3537760243566405,11,True,12.868513284479738
0.6168685610345583,0.28643118919429456,174,False,31.15380138961304
0.2890486303298999,0.3751992283846185,20,True,20.86568904494752
0.9515916117562717,0.3142825931324024,24,True,19.84751311197872
0.4096582581254254,0.24652078744141784,59,True,31.37241618851688
0.5761326439042408,0.40121973615608175,153,True,30.717568612065307
0.5397106410808193,0.48877104109095626,66,False,33.26599996389617
0.05239486903358487,0.14548061736477075,62,True,32.860259927790175
0.6541468894085272,0.6806735451726647,186,True,32.011525221713306
0.221822446646177,0.0934365129034804,175,True,31.40900469197564
0.3662437445187056,0.061461139086044475,51,True,31.70269959632091
0.4654250308193974,0.27635496940604654,145,True,30.667084177410462
0.5008904421085428,0.4268016020894818,194,False,30.63468244755074
0.16025518482957535,0.5719905259801327,83,True,32.54615054958333
0.31611600737070394,0.027296287977802786,80,True,30.28053529232822
0.7748542102853238,0.19598220627835078,69,True,29.677593905842986
0.2384306086942348,0.16155417454756804,17,True,10.150700200528517
0.8259187122582132,0.3352471721893079,88,False,32.53446226011164
0.6804373638514245,0.22724015990567717,74,True,30.270272161241394
0.3462724211838518,0.6353465610059534,114,True,31.420858932923995
0.6260495597054471,0.5370557386721647,173,True,31.86036701608357
0.4494469588330969,0.1302268099485343,3,True,8.371554150893987
0.4205571914761436,0.3640761155975162,46,False,34.55555916777153
0.6036336965418917,0.7251407263330951,143,True,30.87106611008474
0.7360877484265433,0.5149089880772022,86,True,32.047921298662274
0.874141325848579,0.2606170102969453,52,True,30.265375754259036
0.379705647267767,0.45119196918790205,70,True,32.55508482848845
0.5634360199350085,0.29372977591414523,97,False,31.811044411285597
0.7009318640553761,0.17298407154331938,19,True,11.41816618746993
0.5288696652142754,0.9664991741776215,31,True,33.21117722952412
0.6632573305967003,0.10869936648405373,140,True,29.0950258030844
0.47342515932239815,0.3995308223193317,192,True,31.73543563592213
0.5060029399091625,0.2351633541411497,100,False,31.6512482056967
0.3356049072926237,0.21573057048207697,43,True,31.87854713125789
0.5929283287614763,0.4928258184506883,159,True,31.177555131805036
0.30098683730899223,0.3230300446932725,106,True,31.83897910921236
0.9932510040185909,0.08083674558683487,23,True,12.970030954491632
0.40313569092708196,0.6011529984160727,197,False,30.057112887729133
0.10427026097079956,0.46377590874694735,49,True,34.06614004918518
0.4439901993683181,0.046917521947440366,48,True,31.42388392839845
0.9263195107113551,0.1902063589071707,177,True,31.811699202106663
0.6323804192679796,0.27565465140505685,124,True,30.84140775115256
0.251257077730089,0.42257020140194745,95,False,31.93751269656983
0.49009438980362086,0.3373480260835838,107,True,31.61110048781727
0.01332645962788681,0.2502001692041674,15,True,31.564371706354365
0.20191468373613536,0.37418030401377855,157,True,30.999748426647177
0.817665757055337,0.8465333283454303,78,True,32.36676203176961
0.2782880947488367,0.1426219497436204,61,False,33.55463493682579
0.5540775803205844,0.5520139569823803,160,True,31.181091280209188
0.7706144568270064,0.0067361910807959835,150,True,23.81430621343596
0.5240044482518954,0.6586342838880378,3,True,3.979563185378893
0.42873206419224763,0.5750106316785605,3,True,3.6590796133959027
0.35927373726189227,0.7509279664043408,165,True,31.423516952589505
0.3863440731983706,0.7831126918589529,3,True,3.6582931570463635
0.3964925155607878,0.7218248905238778,146,True,30.699240241119167
0.5827890159789781,0.9052099483860372,139,True,30.988123521208234
0.3809648146362,0.8562521050279387,189,True,31.726549865691258
0.4648547510279249,0.7791359073100632,35,True,33.50909351937666
0.5421516268151595,0.30311717473613053,16,True,13.692647038282736
0.4193673717697088,0.9484725470349166,122,True,31.174654120108855
0.48630539409452717,0.6915229808857128,184,True,31.770541257098614
0.327781360271931,0.803226550873824,179,True,31.47434626620608
0.30871472243525333,0.6311636081959534,128,True,31.0559632456419
0.5125698906892019,0.9937065559157637,77,True,32.62697475272822
0.4467437885226334,0.9405868988710907,75,True,32.70285738966782
0.6455909757096775,0.3508659241681226,41,True,31.309629361388414
0.1635782428774727,0.10926321220628155,8,True,11.892599369634667
0.35988373597545364,0.20223616634447897,135,True,30.97158772398843
0.6141430400066203,0.833481620537983,68,True,32.75766935202419
0.5692544566118587,0.5233291414314701,118,False,30.98922502116626
0.684545738985193,0.39584444464682045,131,True,31.161708100427585
0.21065907352089142,0.8902350118488181,170,True,31.365046184934357
0.1381836906492477,0.7772307104596436,81,True,32.67210461555596
0.2512268410021553,0.1541744627954521,180,True,31.40559004387343
0.2865339452739211,0.6692821152150564,113,True,31.362028889089927
0.39856515797205627,0.17308742620735096,32,False,35.63574662111937
0.47271134774277646,0.2663029231028283,64,True,31.158238879221575
0.60030945426815,0.029303260495910005,85,True,27.730344652336836
0.7161066483994484,0.22362074616009409,12,True,12.199022205558768
0.5515140726492975,0.12400078234856618,47,True,30.56497902155841
0.6654389934805051,0.3083451977622815,89,False,32.5279506332047
0.5095040117002952,0.06481578228849058,196,True,30.467917419185977
0.3762421011224867,0.4234160233729857,34,True,31.162311254276805
0.42740465560078406,0.24659015681719482,50,True,31.95627053405354
0.3302030528733395,0.2829961902597307,148,True,30.580337346092325
0.8004382130776923,0.5932030505116593,109,True,31.36797936395742
0.44911196858333874,0.4718434911741385,181,False,30.985979508996433
0.18571247085818232,0.715555560253033,58,True,33.43797109629752
0.5342474535749222,0.08739257787798702,121,True,28.092814367850746
0.4937704002622629,0.9733424191134071,96,True,32.03182641843021
0.3518360447141786,0.552302977705412,18,True,25.925794280481842
0.8467365197141612,0.4373784939246222,91,True,31.524701472647127
0.5842110346343201,0.3594202845375262,116,False,31.067586589763305
0.40920944746578036,0.6195433130485295,164,True,31.390230522691724
0.3158296386717445,0.5008175405692235,3,True,3.213086306761135
0.746312334412589,0.45460353856037256,169,True,31.712648589087404
0.6998799177250826,0.18544770997953408,190,True,32.20946017010896
0.2425922982274058,0.4983931742860035,26,True,27.128014864458212
0.2993780337747335,0.326310500474424,155,True,30.89208398304017
0.039895478815819285,0.21571364430203813,129,False,30.612421623529134
0.46466247563584057,0.39219843191928316,56,True,32.24489182380921
0.26829291160579904,0.4137609693800554,154,True,30.840414078110907
0.07973114352214086,0.37779354703516305,54,True,33.833621403464086
0.6270778182658788,0.2971857239592173,134,True,30.93838562970789
0.12362063584154226,0.3367372485843366,44,False,34.64014338703739
0.3158416600879626,0.15685104991093635,36,True,26.784977007807722
0.5204113165910892,0.23715727373621354,151,True,30.553752090223554
0.4873549926342387,0.26541903094623903,30,True,19.995712411876816
0.37179459861182895,0.10881476209625873,136,True,29.909735819644165
0.2234163754852572,0.1351438183309513,142,True,30.763422538154305
0.5679481370568421,0.04760626442159474,82,False,32.779889821071585
0.34808197805024016,0.1778423901785391,162,True,31.10968784980602
0.2851385427486391,0.20580105969994225,126,True,31.009936351699995
0.42787183205390034,0.008054825309703945,3,True,4.766121830236574
0.599680526357453,0.5112070980105816,188,True,32.05388201540824
0.44880406669103295,0.3532529827620302,5,True,4.090479588592506
0.40923390600933557,0.7475639072073158,112,False,31.197731406951544
0.6520008990400687,0.31444117464266164,45,True,31.41506268032495
0.1781372665448693,0.4865340361433913,185,True,31.370279850727638
0.5476857334199245,0.06558012100347058,63,True,32.737926571421546
0.47875892616523397,0.29018056714924206,178,True,31.68634664830112
0.14569994556864965,0.5649858841927586,152,True,30.598195937756174
0.2701491644380347,0.3731560661719546,133,True,31.081558762467242
0.7257070719906151,0.08866751300820896,65,False,33.350207944956416
0.5313636914772564,0.2572243605197288,93,True,31.114068787404346
0.38993019641977844,0.1610508439336626,38,True,28.660624344450856
0.49941017681006905,0.7024340991214897,76,True,32.5879470410155
0.32796868888092745,0.5264600328797986,158,True,31.056801740737978
0.6784271888460282,0.43400155785691286,132,True,31.151742029638502
0.6200549919020655,0.23403155327763658,101,False,31.55987835065132
0.5830384627662043,0.4612569060201106,198,True,31.423273174422395
0.43611109315990565,0.1984825511082015,28,True,29.639110499741147
0.35944327005761745,0.40288100943262073,103,True,31.865610549540108
0.5635490022988863,0.022638495206990628,171,True,23.574365896271612
0.10184671546232038,0.13758802960851108,187,True,31.251669976464587
0.1971872668436495,0.6558769626443441,108,False,31.372695781289654
0.6370974374886142,0.5868670040807907,110,True,31.494431868975564
0.46528966246063796,0.12250418196331805,33,True,35.34067668200954
0.23782633978673393,0.3161629002265647,13,True,5.134413391585098
0.055663104400328345,0.2760397838225937,149,True,30.387863787365973
0.7617113273403465,0.3417215611600992,138,True,30.79692778753659
0.5065106383075034,0.6154539576676972,125,False,30.754018759543026
0.29982948580042823,0.22280914138104072,39,True,30.847973901833225
0.2573415382706699,0.3788877011474372,79,True,32.46305288463764
0.866220162246268,0.544523337943859,6,True,7.481730535459319
0.33662988302179164,0.1851951961201945,3,True,8.505113119932469
0.8925207907743946,0.25068257624906964,4,True,3.5754644761241963
0.2147901891279498,0.046127030726855006,72,False,33.21164622228459
0.9618297665972986,0.4432728103235955,10,True,14.42340313534725
0.398939788544259,0.09822748770119102,25,True,22.18124201865854
0.41659560429088266,0.3032064904985845,14,True,13.173133348288665
0.536398088528943,0.480135676624039,3,True,4.003478392173343
0.7925787807409215,0.6393390737207376,156,True,31.04801797247775
0.6052793479920981,0.4106186708356472,71,False,33.06611925436999
0.3701768013403488,0.16840028418656672,94,True,30.673068431383427
0.31337681297802644,0.3598084689078819,120,True,31.201226189898247
0.45187569685814044,0.21166704343989773,29,True,29.528175538779305
0.6456953108985447,0.0731974261284084,163,True,28.48485551479187
0.5174700371186995,0.2755601620950886,42,True,31.37912406942714
0.701975698880934,0.5060863233417504,105,False,31.634032549373927
0.4809614095749343,0.24115079364081385,99,True,31.11248524019906
0.5767329057998822,0.3277486685665174,22,True,28.38902071963609
0.8439913407224129,0.2541643653962242,98,True,30.51799632384269
0.9355596590932989,0.28673704623893126,137,True,30.634334146121688
0.8906812896898832,0.14632224598627738,4,True,4.367251521507885
0.1554387752359625,0.18818654459733736,182,True,31.208096296286673
0.9171563757814128,0.22151701655976908,67,True,29.57979220703901
0.9725053934581702,0.250073567179125,90,True,30.237416796633564
0.8152506013058283,0.1132671978167348,60,True,31.498442070847457
0.9973481968020951,0.15193578289355042,191,True,31.900422333719344
0.013394352353145067,0.3421764910653878,92,True,32.07425475865528
0.738455192073304,0.30546132381730584,111,True,30.841790651089095
0.8827667687847831,0.1666664572887237,87,True,29.208975574405745
0.2812047830976545,0.26810985628412487,4,True,3.1432417567727415
0.22855154915831022,0.20729829721288281,123,True,31.069503426864575
0.17803226707587488,0.38054025569794103,168,True,31.330537861052154
0.2731455151080643,0.2740417367230277,104,True,31.771583495422846
0.3799962793650032,0.4200236847004364,117,True,31.31170732779016
0.12963504792442024,0.3208548604610215,27,True,26.415602389394362
0.3460608256454085,0.1266974166113909,183,True,31.680806942689248
0.28829734670027424,0.3603470537789141,147,True,30.613157867663375
0.4247644117851246,0.19290305138194205,119,True,30.70868082377591
0.08576528960321109,0.23083023622134946,11,True,12.69000112606956
0.3304427835063979,0.29131534380975593,9,True,4.127493712012115
0.24733804000815587,0.3886539207431261,141,True,30.905148033788056
0.1993397035102693,0.3361133030402179,40,True,33.651602953111606
0.3090103305161298,0.4601269676459446,21,True,23.909769649409384
0.3963775636650919,0.09971951407378285,84,True,29.040755133104977
0.4427248926580827,0.14060263424819403,66,False,33.310219267976976
0.5464105429047612,0.03605742123108302,172,True,26.320949593312687
0.061375967147402455,0.26776681199964547,130,True,30.613461484647274
0.46110792761116565,0.0054924965323112085,51,True,21.492522173918953
0.363693316342233,0.08245437641363695,195,True,31.222096285068375
0.47815796695205837,0.17586795205263617,176,True,31.63967411130601
0.49326429864056887,0.40186752268154224,166,True,31.509722993681326
0.4182303880095333,0.2178331853496368,115,False,31.124155006841466
0.11860324132794017,0.44486104198504406,144,True,30.49025807943474
0.5254672247902223,0.3139105143836611,53,True,31.569028670202588
0.16425350461181543,0.24137324764535864,127,True,30.881278834444675
0.6675528511673765,0.48513408852223455,161,True,31.277137478818563
0.3485079080423116,0.2976285806696468,55,True,32.31653746359262
0.2619233811613876,0.35487299225400204,186,False,31.163410707524633
0.2945533001429545,0.26363461047307435,3,True,3.3832422765355745
0.5591656378494303,0.05927329085657845,57,True,33.64846419388207
0.37883439897273224,0.19910011808381334,199,True,31.17096563870923
0.31833988315529216,0.5320341224018591,73,True,32.61265200055269
0.2294677154050259,0.36967142203941306,37,True,32.79582285519552
0.43198731943508467,0.16165167589796892,194,True,31.460154855900857
0.5938075367379051,0.13148090102795054,88,False,32.60849348971133
0.5084097760362443,0.42364990815919124,174,True,31.768019183799662
0.618590865217234,0.5588612952440465,3,True,3.867088909933638
0.40754795609344296,0.683481730038304,167,True,31.53111076709933
0.45160161500447377,0.23099753157703845,43,True,31.433650195601277
0.18347029633605547,0.33641580382152825,59,True,33.039892811257054
0.21349808204088316,0.8139109543720345,69,True,32.83301176993854
0.27771295134147517,0.2857708965694959,80,False,32.94843381566517
0.4668788399186664,0.5973072653151418,24,True,27.52040122925203
0.500430914620223,0.11927126567345192,193,True,31.713566328014718
0.3353967770808489,0.3998335301187131,102,True,31.883953260130554
0.5685794125753553,0.18423188270497098,173,True,31.6277603272225
0.5316592487767008,0.08846661795504629,95,True,27.380097706449572
0.4032611096303785,0.20457797796738933,83,True,31.12112186971541
0.3724669132389157,0.46998921643962055,20,False,36.169838668949865
0.3025694482960247,0.32193167919503557,62,True,32.57223520237608
0.2601375769279527,0.7392790408830432,114,True,31.267083881338028
0.4376199147066293,0.5020592581012213,192,True,31.689206578982294
0.5502227534062798,0.26020036981828304,153,True,30.622347110642796
0.6442231437731517,0.02578335436960752,70,True,28.395477968959153
0.38877559847703724,0.1602628994805844,100,True,30.42250242419887
0.14671950947884446,0.4374435406016,143,True,30.618770788151817
0.6862802167019371,0.2989324364670197,7,False,40.51187421870758
0.4838523210079636,0.05262863845120275,4,True,5.669884066234144
0.35665228167974533,0.24209386015166315,175,True,31.629382437680146
0.6107023090846444,0.873230307789131,118,True,31.283629915806916
0.24168073387264938,0.3770797278413336,140,True,30.935753918674326
0.32638077548327465,0.21109739622149354,145,True,30.672845462550498
0.5789683547684039,0.28256303652826276,19,True,28.821793143735928
0.11427959102622537,0.3418576997478908,97,False,31.82146555582068
0.46034998589778,0.1092956988085208,74,True,30.637897623956064
0.20569956836717784,0.6371440879227268,197,True,30.641020012241984
0.5068082784529442,0.3190318114121197,23,True,20.64930677639089
0.282516076187723,0.14836281968652232,106,True,30.86900701597772
0.6263930358435572,0.1878499475710478,159,True,30.788537943333335
0.5240746628025879,0.7640923872229917,177,True,31.773250592375273
0.432535750644121,0.08026596994502316,86,False,32.74178053692538
0.7187182591569257,0.5332253890965908,46,True,32.24400055351681
0.3552764350584637,0.41653157642475436,124,True,31.09164404619536
0.4166085341519318,0.3521221242203759,48,True,32.689701216346556
0.6596464908848243,0.26154089228607513,150,True,30.529244051873302
0.3874927306301076,0.38621317709600106,160,True,31.108679663619593
0.3056131996027162,0.22574351727367117,89,True,31.872288960172323
0.0016420693952650112,0.5763880360338515,15,False,36.72860724349302
0.4710783093789784,0.7101914667673425,17,True,28.48332098534804
0.5995293250804024,0.9312386086520673,75,True,32.56570266181215
0.5581749042478373,0.008853378596666184,165,True,21.207095269100538
0.08952743984970457,0.1791063613367188,49,True,33.56215394538442
0.3408827896341944,0.6142458191696085,157,True,31.00658027107041
0.026259690060791374,0.14193839607549208,179,True,31.17991036547313
0.26021836335132525,0.4502031006571785,3,False,41.402164881063165
0.4858851398208113,0.30198607545432227,78,True,31.62353893129
0.5453045630495089,0.8381740511926277,107,True,31.811852630464127
0.4440914364180707,0.11995204893742287,8,True,12.08873738080799
0.2363615447338187,0.670883626641992,146,True,30.66170840394148
0.4020825023652057,0.244717722402633,170,True,31.467811651990235
0.1842070009137111,0.27584093248351144,122,True,30.99832118439639
0.37603091280418266,0.3681413196177866,113,False,31.170900093667246
0.5884249637137964,0.06967907278859148,31,True,29.28873404218496
0.5012798346782967,0.4955258229389606,52,True,32.789074994661
0.28879061042967613,0.2206900870274599,12,True,11.730060851221351
0.696288523905067,0.1651856356733351,16,True,11.653818775046728
0.7709900464630528,0.332583573429758,135,True,30.862823399512326
0.15254403788082266,0.4016793599698034,139,True,30.841763834157472
0.5264438656420543,0.09649932622003882,109,False,31.339234808641766
0.22364210834083012,0.42446073081129665,85,True,32.49016351441343
0.4241725420750426,0.20249674118584468,61,True,30.772450758574394
0.32655967774640077,0.04174113551901534,128,True,25.95934709150173
0.6337505228617926,0.47112605555320713,189,True,32.09673645733585
0.36212322987190165,0.7975966769516452,58,True,33.386711947034385
0.45557684612071175,0.5244167009735907,184,True,31.735822477354485
0.5726711493799097,0.2549060191453634,50,False,34.18241251394948
0.16937403565459735,0.30680734125906167,180,True,31.219169517672963
0.31439968692275727,0.3558317460042553,77,True,32.35761795426413
0.06292170996037877,0.2831064836977339,26,True,27.808497357870447
0.39302944612461826,0.2335119317844245,81,True,31.531915633639755
0.48131524743877746,0.19139656623629384,68,True,30.43412799707474
0.4135948155000939,0.13300160366423452,64,True,30.556484344961277
0.6720189298449339,0.5636892467345092,131,False,30.70576846259841
0.2068853583686418,0.3911264165222305,41,True,34.110850323907215
0.27747117284166434,0.16906037820000028,35,True,26.234361979994077
0.5127975913860574,0.9017125925326073,121,True,31.272806019831975
0.3481774305638007,0.27451971738380443,148,True,30.59540303659656
0.2513199994871032,0.32664596094343057,34,True,30.463093018491424
0.6064330912863554,0.11019600882937602,181,True,31.560449150780524
0.5364716196543243,0.5885074583787635,47,False,34.43018373471781
0.44044455304566055,0.4329497140971576,169,True,31.50029693085935
0.4714904927872623,0.2196343895151621,196,True,31.337098109160134
0.3057986885551854,0.6514450018143281,164,True,31.37678028367362
0.3375207596012662,0.0695201709613874,190,True,31.523809180942987
0.12825437232808198,0.14736303886105856,96,True,31.564763885115013
0.3676029002738463,0.3029803703519237,3,True,3.196631819876354
0.18658583770373433,0.5178469032359378,3,True,2.9187534820889223
0.037338574034376903,0.48002577701288374,44,False,34.470366864807126
0.1932726867285967,0.5450374434593632,32,True,32.94598562547063
0.10588093376658368,0.4689246966618411,155,True,30.828480075242254
0.06805366274629718,0.45345330657796873,129,True,30.571825388893284
0.1360110055265716,0.4057872002202835,116,True,31.02707854912526
0.23515029362588974,0.5130154980661108,3,True,3.0538443895525735
0.231023398703326,0.5708205105293782,134,True,31.033767865276076
0.20156133863601253,0.6345951097967129,142,True,30.870252700210305
0.17210767853514336,0.5372028311152578,3,True,2.941329466162566
0.07920565030412562,0.5147519989123035,4,True,3.44049093690487
0.09642590112947252,0.5845616875223087,3,True,2.4909898571979805
0.02214846726110556,0.6129869531831348,3,True,19.395652688370514
0.10254950539954703,0.593624007255281,18,True,28.550353076237382
0.15812864662791928,0.6271984741739799,152,True,30.608083680461903
0.005460826141926556,0.6907376851380544,151,True,30.623782914665668
0.09606743229461792,0.5411998666690245,162,True,31.212147440442667
0.11973077160285489,0.7256181805894556,56,True,33.6912118800744
0.043011623684122896,0.6649972362566507,154,True,30.769574020743025
0.16537778810306847,0.5542782389849749,158,True,31.064519410019717
0.14490234756283982,0.5131920534522098,36,True,34.26485450101088
0.181729872074811,0.6103758751978319,45,True,34.17912312165745
0.08792206773999243,0.6006163365785148,136,True,30.773444210254848
0.04116523915963971,0.568437783837098,82,True,32.72479128643911
0.12763080910293118,0.6537202426420937,91,True,32.116024523645024
0.05095044911076838,0.4952189858659898,5,True,12.675478363811356
0.0773799633841981,0.5856934969498149,54,True,33.8893356460994
0.17629861451238946,0.6401750290361803,6,True,7.756322723415869
0.2151424969401188,0.5266630193984156,65,True,32.98548561058759
0.14535333005583045,0.69928404963278,33,True,34.484244846795974
0.10920698893960827,0.5541612903389888,30,True,33.509791136671325
0.058435294065277726,0.5340239938742549,63,True,33.37885655547917
0.019242177932152993,0.6743475580874884,76,True,32.699581406818716
0.2489742221298551,0.7604735568366696,38,True,34.50151807246267
0.194645432779042,0.48866624031668504,3,True,2.85631987632159
0.16858604072205538,0.4947336362980663,112,True,31.284077336756962
0.00210733575936925,0.5828298478773578,93,True,32.07364508602668
0.19085858735229908,0.7330470403785777,125,True,30.84406528888196
0.1268971391857633,0.5097242861207747,3,True,2.4436104723525163
0.129176823839866,0.5215021938541916,178,True,31.15288727968549
0.07750542108401165,0.6239893823945563,3,True,2.1388230830413915
0.0029364521493321916,0.6139133389336658,171,False,31.269580370802426
0.06857695357495519,0.7051851946952538,3,True,2.9390507731357225
0.03065743699306095,0.7685757081113875,188,True,31.106800141436054
0.06743788347400569,0.706216787806726,120,True,30.755795497579985
0.08877365119966947,0.6816189231671027,13,True,28.305303649528103
0.00020627419878113673,0.8151685023554807,132,True,30.781486067097834
0.03250953475249583,0.6485047146176617,149,True,30.582046743735685
0.1063814350567063,0.7256026339368754,185,False,30.85500155916142
0.06951841226375463,0.6312615771474427,198,True,30.23689040602429
0.05247485653982513,0.7882811540390732,126,True,30.498261256397317
0.019389873607724463,0.7481757044927205,3,True,21.987557447431257
0.08930178743239336,0.6698695161219343,103,True,31.62880296521921
0.14593023996423649,0.6945755569606411,72,True,32.84405080344147
0.11478765882008284,0.5816263284650037,110,True,31.31007873468427
0.042964254256143114,0.602303835745669,25,True,34.299594131857184
0.12988295388079218,0.7160570820016906,29,False,35.728516192330794
0.061230666979802416,0.5607120422822442,133,True,30.741463638399622
0.002824028356983588,0.6664975542488984,3,True,35.84486643286893
0.1024510948326398,0.6424283612300867,28,True,33.70132655542361
0.08395728131493324,0.8500331913847847,71,True,33.04885352006736
0.14915684361633713,0.6260925517440874,22,True,29.517009995212504
0.031645589899835624,0.4648970464731804,108,True,31.576403393480337
0.20525623623528502,0.8255372073987093,115,True,31.21554366063045
0.0005871860971811416,0.7401851432423627,39,False,34.85137944472722
0.12822012475413483,0.48184331888418985,138,True,30.784099838283634
0.07836744615981843,0.7835611516414184,147,True,30.433346825722083
0.10698320107493169,0.6053815817675376,42,True,34.562291665587374
0.16494655863748017,0.5482769346271611,99,True,31.797626583449354
0.052166691791987796,0.585515871716952,14,True,29.88881808771777
0.021437994832917716,0.5657225547162585,130,True,30.698119880599936
0.21690718236180284,0.4484824614288846,79,True,32.5098758906982
0.13880193297330287,0.688474421487683,191,False,31.040084926868435
0.1942155879338278,0.5048944319406078,10,True,4.8932236070936375
0.1618417546533755,0.48535567288146403,94,True,32.02557729467211
0.07436455410126123,0.6204557020396039,163,True,31.229388066670555
0.09980809060496468,0.654590111392901,137,True,30.79524683197556
0.04981544438481021,0.7629099345443914,187,True,31.098123237881683
0.11873456877271761,0.8647200327197312,101,True,31.573340535686672
0.19106350181127452,0.7046810892554785,156,True,30.97234924472794
0.01966381729125105,0.5252448469819366,90,False,32.53663524984106
0.14948410889301184,0.5446960035619857,87,True,32.469872929289174
0.06888876101065487,0.8046711758954227,105,True,31.637023442516973
0.1846757756451773,0.5800420354946986,92,True,32.07710373496464
0.041787644147461486,0.6056801344933409,104,True,31.780243981888237
0.21896124139527562,0.5055974772765359,67,True,32.86244980817632
0.12173246711715323,0.65094255011226,55,True,33.73046293940533
0.258408505349647,0.7285107904807426,98,True,31.846430186110748
0.005292026914061471,0.684124052375986,111,False,31.280971929523748
0.09895739365200672,0.4465085098174818,117,True,30.947065932898507
0.1607400551593126,0.561800771955249,123,True,30.81982113162228
0.08734946151391187,0.4815932403982439,3,True,2.432649613125042
0.23658049462930372,0.4326476063857139,182,True,31.344629745671767
0.1322540939858558,0.4741539261370317,141,True,30.778913812377397
0.0001823146105560114,0.48982283830796713,168,True,31.248294461156878
0.08886463158000774,0.46265097697817176,199,True,30.314410378634193
0.1759593710619336,0.5350891775471447,21,True,25.493635275356905
0.2112936710862686,0.4170902682191775,119,False,31.135352807436522
0.14420529746397048,0.5115666509405293,176,True,31.239759159286
0.0385836818254913,0.4412834211732226,127,True,30.529396754017213
0.114384802948213,0.4635039323477983,60,True,33.47234449487115
0.2642895636365177,0.5474275643774418,40,True,34.28632099723304
0.1937509510629848,0.4847908393497678,53,True,33.51461514666519
0.023912941449623096,0.5907640791838071,3,True,18.807361778459807
0.08388852623829737,0.5699443462561644,57,True,33.75521051954127
0.24050973419174332,0.5202968584799423,193,False,30.719410409305226
0.055694217971017854,0.4227967177968621,172,True,31.325899848345298
0.16513834950550524,0.6204679432281317,7,True,7.247568373816631
0.22364055641421568,0.597153320889705,9,True,5.198051389149194
0.14112178825055297,0.4991742319757224,161,True,31.067823670051894
0.11248019268290135,0.4571727322621287,186,True,31.186462804912978
0.06577974774906266,0.5442993618078704,144,True,30.50621779531312
0.18251962630311963,0.4064856921816303,88,True,32.422199732583074
0.09267232695330872,0.570222806367946,24,False,35.78222346118212
0.02397016029626184,0.6312460444183998,166,True,31.349362779655507
0.15173401957895782,0.5121292000558816,11,True,5.365287129421354
0.0014507139275773961,0.4841427321031045,66,True,32.93621603662984
0.2021621720969795,0.3856663481216349,51,True,33.65946319995815
0.1275824887948431,0.4306900695801807,183,True,31.150697530234662
0.08085754769079781,0.5244948116204874,100,True,31.56302913561628
0.27709925294626886,0.5572284367465768,167,True,31.50631174898461
0.05222847796673851,0.5988305307658158,59,False,33.67537018162336
7.431846015883148e-05,0.4747553387924844,174,True,31.104307534993136
0.17378747546260276,0.6588830804920149,195,True,30.755581186095778
0.1060959249501105,0.4433570446346043,114,True,31.067719389577277
0.2204949422775892,0.5326253444739651,102,True,31.729389590679958
0.252091311181752,0.6170241058963676,194,True,31.035192156314878
0.13866472472753358,0.502472241153056,145,True,30.543159031574987
0.15582437036270003,0.5825397158884645,80,True,32.60903884152509
0.03795943869073537,0.6387536440025516,70,False,33.30480741475759
0.19600276372534814,0.4118036558653845,37,True,33.506338981514624
0.06443969301713659,0.4571038693405187,153,True,30.61098557849284
0.11956579721139449,0.5555278908591053,20,True,26.854271101444528
0.2916212894175853,0.3950758023615507,73,True,32.460660451993206
0.092191064908842,0.6693771833466282,3,True,2.533421700096847
0.017459432303561326,0.6739539784510477,160,True,31.023221126831487
0.034632285148803746,0.7417616052855902,173,True,31.242330814767808
0.09881629997015372,0.7759547124761139,146,False,30.710210054690986
0.00022500422702378953,0.7129946188511791,52,True,34.23876981389761
0.08087941969438367,0.6209198360742072,27,True,33.70817237100954
0.05385487693214785,0.6827929562937063,197,True,30.302462102053777
0.034536485985172394,0.6541166730752002,192,True,30.889251999780384
0.0006632866015749,0.6696088953140353,86,True,32.584410169166624
0.07369881784263255,0.7417575542952135,177,True,31.207442269291505
0.12042516026349609,0.8001866360643178,69,True,33.07447644656941
0.1011904780250902,0.685348284078976,84,False,33.102368655126455
0.016017190538128494,0.5795803915418929,140,True,30.908189497238848
0.05124331089248449,0.8826306986263153,78,True,32.79060126001924
0.1666380747176397,0.7610087577646154,17,True,28.24306350230543
0.14650194410870956,0.6016622414493984,15,True,25.57491117760418
0.09217301886925826,0.716811345914648,95,True,31.871395313603127
0.07111000430297303,0.6360160197569007,175,True,31.31934489223127
0.13431007340454792,0.5432393123015177,62,True,33.334885669782814
0.20558763693778825,0.8417070616906844,31,False,35.71465173148875
0.03349436424931819,0.6538600712743488,124,True,30.513759185203202
0.22165385692600878,0.572655006423819,159,True,31.111368277939608
0.10930493878969966,0.7039817733546117,48,True,34.12944824130509
0.17242887646477312,0.6085493195832772,19,True,25.661982376006282
0.24430966693471085,0.4779567707374982,150,True,30.606077656145647
0.01755703555931791,0.6232138604128481,143,True,30.74746807686906
0.05512732968411285,0.49719690805509686,157,True,31.006155403941523
0.1260636115537913,0.8220929028934172,97,False,31.805992471687848
0.15108991956364953,0.5432735929976928,118,True,30.9766309982795
0.08582903198392001,0.5908222423629561,46,True,34.34253880081008
0.044853353624203854,0.7535665508445872,3,True,11.615830043786147
0.18611613490848503,0.6434896276540112,107,True,31.709902932004557
0.07516667803049668,0.4357344532762615,83,True,32.634597767944165
0.11216109854259274,0.37303770126569924,43,True,34.39003276602305
0.26572446140388245,0.5664844917757327,74,True,32.63048547757348
0.013308187139784461,0.5293536332514637,128,False,30.642920416320067
0.1359107543366625,0.729523849408925,89,True,32.34523094236034
0.16020888210037107,0.5048666267853318,23,True,26.378753187330386
0.0006489627928072533,0.6678358833652724,49,True,34.320207642653955
0.2342234864589362,0.6984424260325587,16,True,25.222669904500325
0.09452935070533133,0.46159498573780683,61,True,33.49146422391753
0.032645796801607646,0.9735366386735842,75,True,32.81346735357378
0.2042334700899669,0.7910159653388256,184,True,31.38374771976206
0.061743613888255056,0.6008096774095687,189,False,31.087895858602636
0.11794480140305907,0.6215791663405715,3,True,2.6918356587256045
0.1128387678926019,0.7722630397388692,179,True,31.086672217004434
0.07893726040200756,0.726288388019176,165,True,31.454887387188034
0.16339853725711045,0.6957103922685544,64,True,33.17383702060075
0.14324835218635232,0.6174986854608885,170,True,31.35851010247947
0.12913297328144321,0.6403391408613688,180,True,31.110473669342166
0.10125557594654352,0.5633118299481423,3,True,2.5202752710456298
0.09659017732161454,0.6606827176197307,3,True,2.546237952647395
6.937214081091658e-05,0.688430590763647,3,True,36.957743968169844
0.04588345203315553,0.6649381930324677,32,True,35.01123061178893
0.06506393792342653,0.5656704451885413,77,True,32.826708532816944
0.10073394297425659,0.5908834183060472,106,True,31.609385576052023
0.023118361700385975,0.6495194076210157,41,True,34.9563331333202
0.09196364462869114,0.6750072334761775,122,True,30.74766199996792
0.04724639901271584,0.7188201995964609,135,True,30.807694198708635
0.07184527536703336,0.6289879895633719,8,True,23.12779701967099
0.1742786559065594,0.7429753163297159,181,True,31.264330029378403
0.015097872367066695,0.5550966408376512,109,True,31.386729674631763
0.08845508726264074,0.6059547757401826,58,True,33.69006603155152
0.1376692828249907,0.5316349631977774,81,True,32.63476563536297
0.0340444534113262,0.5787439466375265,34,True,35.11185744570538
0.058867379520804994,0.6570969572279162,139,True,30.811490409884232
0.11522512477879815,0.6776444370449927,85,True,32.56946172512912
0.15094213315120023,0.7089858504938304,26,True,32.47912361703269
0.18057582019041601,0.6367460715623384,116,True,31.127587559302327
0.0928225600233951,0.5847740383613498,196,True,30.398103415861687
0.02812560257705838,0.5466408455381252,131,True,30.747201445484176
0.07117513870294681,0.5658608767622371,96,True,31.739206604052114
0.12716109023310135,0.7567123381321971,12,True,27.01517324215079
0.004454749796692289,0.7791931617425765,164,True,31.216321361601718
0.04842579119605006,0.5126318839185464,35,True,34.864732664112466
0.15700485936604786,0.6171427547936271,47,True,34.06287488069013
0.0009572944356889268,0.5274345071534443,3,True,36.661361808527964
0.10789368680745477,0.5925402761481702,148,True,30.380478777735874
0.20689318934282525,0.6543179568816027,154,True,30.80350525113606
0.08332169752926878,0.6954499937096054,44,True,34.42815820640021
0.22736248765626665,0.6360795936570939,50,True,33.76642946837671
0.1809831634283275,0.603510756430081,56,True,33.49689971034727
0.06432507330390606,0.678276686797465,190,True,31.13629580643293
0.13523750529672865,0.7236127745600572,68,True,33.08411781109925
0.10384931918994947,0.49235570386396976,36,True,34.40932505471961
0.00021341507616126631,0.5491309638905661,65,True,33.06339969026856
0.02412523679795224,0.8088187171414557,3,True,20.90001734039537
0.04607712425884976,0.5208105440475507,18,True,31.16838257134148
0.16369376138938907,0.5729648377316784,155,False,30.793103820934054
0.11875766468926413,0.4663376498100307,129,True,30.696469020107173
0.08147199597392013,0.7454296870581298,82,True,32.70633262320077
0.1965326207105721,0.6582857565838401,134,True,30.951474462643603
0.15134193266634163,0.6252943898098671,136,True,30.89276418425322
0.21777816603065617,0.5568327004753114,169,True,31.3988929249803
0.06029705413687429,0.5912875552708337,188,True,31.139224950815834
0.24806573454714712,0.7066024207155326,121,True,31.06190491235959
0.025056199109208872,0.5000086233680952,162,True,31.038990504102
0.09341266143923813,0.5356649508973672,30,False,35.67240899120708
0.12805603438658525,0.47891020239323695,103,True,31.6780642432317
0.16810260932676624,0.8591133665810858,54,True,33.64605465294486
0.048809401650535766,0.6131234702124287,152,True,30.55497067465988
0.001307734875993144,0.6685879472588828,198,True,30.474733771900414
0.18419774928365878,0.6413874277761726,171,True,31.313320968784286
0.14311554315616612,0.5746471448013284,45,True,34.2443279996164
0.1009384979550664,0.6925802750406589,132,True,30.718646586228413
0.07354417581224196,0.43472485315801623,142,True,30.700971961445777
0.2640410375137174,0.5105201117393395,93,False,32.22115260021812
0.026671267897633577,0.7310394179734948,151,True,30.646460640772705
0.11582836075232972,0.7958850843458589,3,True,2.6035122257439447
0.21135282038791384,0.6075449449311366,110,True,31.45143249745688
0.15490745953558235,0.5521169856819691,33,True,33.76865414013475
0.051317589408877026,0.4499428847816046,113,True,31.134035311630566
0.13198012624425318,0.580480757927946,13,True,24.841455447827936
0.2313194799137125,0.6343010835137125,76,True,32.617035458686495
0.07907385021481446,0.6815430316660244,91,True,32.15913334107625
0.018831516915190638,0.9167958785704474,126,False,30.71505864417017
0.0008582632093419029,0.7579722571724646,112,True,31.058486154554718
0.17864741980886462,0.5284275368092786,6,True,6.3744490351826775
0.09351838213324282,0.6569094863667247,158,True,31.075936864024843
0.20035808690185503,0.4185503481458261,138,True,30.906724136637106
0.1065716952228751,0.481168161352174,120,True,30.833015164101663
0.2821960563357959,0.7130459102749401,22,True,26.98819811185584
0.04198690232986356,0.7767259056482684,133,True,30.774793596067866
0.07097573597632045,0.8258362139937037,147,True,30.44810461498686
0.1419714144604748,0.595321787192974,163,False,30.99227035774331
0.0361365766785995,0.5611042653291999,178,True,31.272293701399075
0.12322948167467701,0.6222147724151279,125,True,30.70090875150433
0.16822320000022994,0.45739117860122436,108,True,31.60979681904394
0.23567400812289493,0.5122200524452754,25,True,27.28302927771823
0.06165513174182715,0.6437461404462816,72,True,32.993011966572766
0.19274276693833303,0.5344887130450008,149,True,30.53519940272068
0.09405967641370766,0.7311230509128323,39,True,34.745828508799335
0.002286678950312801,0.4926824037275874,185,True,31.302837451580903
0.2520212526678856,0.6723333529160525,29,False,35.78732620701587
0.1486331000621838,0.6053607062852364,191,True,31.17495053746332
0.11917723898094434,0.6977420832750902,28,True,33.794618146953106
0.019008186092914464,0.3996701474242372,71,True,32.83446188188628
0.08027445651723887,0.5719741904065859,98,True,31.705698856604055
0.20922927896541915,0.5841326106722646,119,True,31.089060041093735
0.03949755393862749,0.5465780584008296,99,True,31.7929183855198
0.06682889965521774,0.4743708802829285,187,True,31.14263574015288
0.16649152521570826,0.6268238849300606,5,True,3.156744017540254
0.11052183682622348,0.5163752496389766,63,True,33.35172751911936
0.18616355096992476,0.6655512656229238,137,False,30.774919978343608
0.14651341121611486,0.7461094870690361,3,True,2.9297572577428053
0.10050107316418948,0.44577940944188377,105,True,31.583153107872846
0.22276220422122597,0.42218623586880255,94,True,32.083293045004154
0.06037878673816421,0.6485422753464791,79,True,32.80824489905725
0.015529549402606674,0.556387530950427,42,True,34.887636370801665
0.12966890729936162,0.6060123595081116,123,True,30.757769031075856
0.27418096445304474,0.6823720919656582,10,True,4.158582700255824
0.04029247680713042,0.7154873592356616,38,False,34.99001321748222
0.0018660779630347984,0.533480795929219,115,True,31.02047220295282
0.29224885446003107,0.7679187393309781,21,True,26.681985363294658
0.16172750521431623,0.5932696085209997,156,True,30.98569819209348
0.08695809355309567,0.5022329859380146,92,True,32.05707212934532
0.1342912365424213,0.5716124092827242,87,True,32.45744007420329
0.10918761793202175,0.6306680821726867,90,True,32.234330513872024
0.18721170457449976,0.895666112128745,141,True,30.874851637563598
0.0011437889301850884,0.8357281438892943,14,True,36.54195826958541
0.244495859726663,0.8029864503042459,111,False,31.237349385392708
0.05109269705219511,0.38323379288114595,130,True,30.672037883456568
0.07873629324449921,0.4718181264106188,101,True,31.510395555874762
0.21588498801998954,0.4906688611592376,3,True,2.965033550340945
0.9348038358404003,0.7008812710770433,183,True,32.54249814049465
0.026511133574899842,0.6588832473467969,9,True,30.073989415642675
0.16905296125551117,0.5473704614151904,182,True,31.278671297159928
0.12573781302836065,0.5151763145294258,84,True,32.56830257913358
0.08887889302749705,0.6092927283191258,104,True,31.639554342687003
0.30463078166195895,0.583595357648456,66,False,33.35296730321711
0.05999770411370709,0.4394808473602108,51,True,34.06638526447943
0.1517886589350513,0.7278265817809981,60,True,33.41709359364228
0.10586908097808038,0.5614410246007305,166,True,31.505631442546633
0.2605434571484395,0.6837758185739093,67,True,32.945939095956554
0.20143607371806976,0.6412128801985848,40,True,34.492287176126474
0.025358059332353737,0.3631788079541629,57,True,33.80252073753696
0.0464962108447034,0.7818896781279057,80,True,32.78218720995379
0.18084956234523525,0.4099092594702889,3,True,2.7145416744259574
0.07634058793389797,0.4581101919831754,127,False,30.66560739201745
0.14254353869415867,0.7516425280237005,55,True,33.66384894395103
0.09247756202596598,0.5363932655145536,199,True,30.32641941195162
0.23341039036246508,0.6203591006556213,73,True,32.656949689160776
0.12433835114995616,0.5037450709985922,24,True,27.886885797368564
0.03465303285945362,0.6625160432506143,168,True,31.3004370325593
0.16071140501683134,0.5929118395097288,144,True,30.588762763279032
0.0003349070136461768,0.712636066790592,102,True,31.719965048040773
0.06011160100075777,0.4766041442206172,27,True,32.88632303485595
0.11854491997358418,0.5226881924290235,11,True,17.06739972232205
0.01452698769025812,0.5723347898717964,172,False,31.297586505464636
0.19609134609332876,0.6167774119631491,195,True,30.81659435465024
0.22094335279413818,0.6511670626407868,161,True,31.092788360878632
0.10652951030233442,0.4274014502734484,20,True,25.572534700859652
0.1407296970858079,0.5336892516103454,37,True,34.465320182502985
0.07812044924784783,0.6908933813397109,117,True,30.93819367729232
0.174652752241473,0.5545810974178761,176,True,31.302948613956648
0.26933716632060234,0.597601647595644,7,True,7.2291537023586665
0.04284682164359222,0.6314924746193036,3,True,10.953921324865094
0.10000274366650061,0.7436547150544559,46,True,34.316863294580195
0.31839784498270496,0.49149807905160203,53,False,33.978339390105276
0.06454729339817841,0.4558700845458826,88,True,32.44538991389839
0.0014908352529610647,0.6713081113273109,143,True,30.776378823989166
0.1491639070838317,0.3963284387291095,186,True,31.296725502195358
0.025170218791436855,0.5751262191981907,167,True,31.324833425135154
0.856916800387806,0.8521818878782336,78,True,32.351320721431904
0.20582764708005352,0.5195762067652773,70,True,32.73000531820811
0.1313017048071412,0.7071451426939968,43,True,34.407707578005315
0.08802020589746327,0.8168210439789144,193,False,30.455248417383398
0.2393468231812464,0.6439710545599064,194,True,31.01913180050994
0.17599769769719756,0.7912371195532462,153,True,30.691926797861445
0.05994265290496023,0.7659127963368976,69,True,33.093122773867215
0.1180492888535608,0.5969176945563976,3,True,2.635233121615011
0.018713272013736043,0.7302818467476755,114,True,31.074293918883054
0.039621221436480974,0.5519231751016507,173,True,31.27191177222298
0.15939274017719446,0.6186850491617648,17,True,26.486412595254667
0.000989578814775141,0.4988895089979341,175,True,31.04572124342017
0.07957021199653193,0.6756096172009446,174,False,31.247139875539137
0.8313223604711413,0.4705903275379897,145,True,30.71384542419247
0.19346137615499098,0.5382557269445302,52,True,33.60026429103363
0.792398725167651,0.44181830157524854,192,True,32.30633462165269
0.297639186474377,0.3685856877156407,197,True,30.8692978929721
0.2508804311015589,0.4155394576008893,31,True,28.79299389569695
0.10677754213667365,0.5805044281435657,95,True,31.870938544450155
0.13357734997649667,0.6438533997477303,19,True,27.95883552139482
0.0007632649009234604,0.5618341049675072,49,True,34.32133038047364
0.05686095624306538,0.6864008446128017,107,False,31.636446858000337
0.15641217822186892,0.48515232611196346,100,True,31.667972820205673
0.20853782452212466,0.6122781675582153,83,True,32.506380556932314
0.09620145949431282,0.508675450191902,15,True,26.472490482969008
0.03865219819807804,0.9389645701596548,97,True,31.7752414749129
0.17534792983581068,0.6624963736815145,86,True,32.5215447257806
0.06897048717352379,0.8688730363988075,118,True,30.84882897187349
0.9930265028297169,0.34856314436559876,75,True,30.807428878124327
0.22519026893875313,0.712731400072304,59,True,33.355579741589146
0.27651128683331827,0.6272848874279089,3,False,41.67418574927264
0.12916808169606075,0.5369012262502773,62,True,33.35069206841023
0.11371203585080815,0.5914499788548476,159,True,31.122883746634198
0.08490479483145527,0.6971384012111752,124,True,30.649946742296873
0.18807935018034555,0.4646953739313075,47,True,34.038289152683575
0.016328775413194954,0.42675587004575677,177,True,31.1359450036564
0.14412658645803073,0.7608224563693968,184,True,31.248920607156247
0.0005114112200863274,0.5652546104379272,23,True,36.11935357752773
0.05082967974772807,0.5193436932099383,74,True,32.92156215278157
0.25446128315088457,0.38688132274528464,16,True,19.87580068129282
0.09707743537231138,0.7393644269187096,140,True,30.750701750692034
0.02982804415264398,0.634252068902988,139,False,31.03036312148177
0.07075099702202407,0.6053916536156523,128,True,30.5739603235244
0.16100988699814495,0.5469983622799216,89,True,32.378464319490796
0.21684033976418712,0.66852888402332,48,True,33.90417056466094
0.12394849626380215,0.574766220074399,160,True,31.098284583897122
0.18792271601097593,0.4481470735883678,181,True,31.291107696393453
0.044054738278238935,0.6472296246547822,61,True,33.40013881962825
0.14983227080479505,0.5060373736145399,106,False,31.596586343533364
0.10127313592550088,0.7187885208271177,121,True,30.80124218651598
0.08066975847671698,0.7824023456598042,170,True,31.40953186170873
0.23161958381878028,0.48525764252353687,165,True,31.398653729055336
0.05888021183968003,0.5976993487441321,68,True,33.1340786684482
0.11518282800212638,0.8893850462802556,3,True,2.6678554161889423
0.11678709591690596,0.8455384790236865,3,True,2.605056517379431
0.13787904815377927,0.9882399051785206,146,True,30.531890849085453
0.1048492369676995,0.928537687700641,3,True,2.692846895489826
0.1661506313489886,0.8279482161832835,64,True,33.17664688121824
0.0755420294557897,0.8015042047210974,180,True,31.114028991127906
0.13572555274483267,0.9036243110594046,41,True,34.658771432613584
0.08836909445134913,0.8125279756402304,179,True,31.09526685357224
0.019825405048350564,0.837671489227207,77,True,32.66870633047497
0.11742347829807187,0.8847626336305849,81,True,32.724584596657195
0.05323051316184396,0.8740995858217427,3,True,9.946540353568436
8.0065180256092e-05,0.8649555991773028,32,True,35.47461401110915
0.1732024230721903,0.7998534720027116,85,True,32.54104938894388
0.06778701828536014,0.9573280409308922,35,True,35.15476900949408
0.14779296210736542,0.7339783477107361,150,True,30.53651468436466
0.03748196908410908,0.7819912139776625,155,True,30.868160468758788
0.0955531746000466,0.7631306990735454,109,True,31.34017604323617
0.20115263613571227,0.7508588232514719,131,True,30.90747553000918
0.07760842452022403,0.9789605649850619,26,True,35.1756320230084
0.12151083190757112,0.9574963629260942,113,True,31.114800367256887
0.16135908452344183,0.6995736440283707,12,True,25.34847709742184
0.10593359192869717,0.6837814853418667,18,True,30.42863180263186
0.027944612511112257,0.6189003634848007,122,True,30.596117435223288
0.13481244727871658,0.7903826997168493,58,True,33.5348972656814
0.182553640383851,0.5227468788374298,50,True,33.80767113048294
0.059018034948397476,0.9195176180425382,96,True,31.759670002572182
0.9050327254053966,0.8283604254299292,135,True,31.027768576849564
0.08674854425575074,0.583056156693943,189,True,31.190285015231428
0.047550740715781935,0.6589654248362845,190,True,31.104153763234237
4.186227450045377e-05,0.5563691340114617,157,True,31.355205505373675
0.13983144362238126,0.7251462818794233,3,True,2.9269486963373215
0.20631886145067874,0.6338950554212849,44,True,34.18115445108957
0.11720194458376075,0.5411854821274722,196,True,30.495399106193826
0.15906337569565193,0.9087823424558192,151,True,30.577108436528594
0.09896176690055195,0.6882284091246273,164,True,31.430055932276158
0.022606083489879816,0.5995580218592058,82,True,32.726045117902686
0.17950432831472424,0.7709117382101223,56,True,33.531512795677685
0.06464911844878367,0.579431014822976,154,True,30.720508216094178
0.035062043930463666,0.6514497671573459,136,True,30.854457955005074
0.08183846627381555,0.4975268899874036,36,True,34.61259664940067
0.1247474062734482,0.61268396676359,134,True,30.80771358108109
0.1508313668403454,0.5281750229787708,112,True,31.238382575358496
0.051411295919161215,0.8460471297194291,45,True,34.59942291588631
0.10487276840884951,0.5660191354779811,162,True,31.225048177489782
0.19332354811655386,0.7071633298117525,169,True,31.350296191347358
0.02112969844351767,0.9953393765224623,34,True,35.3013501573063
0.23822765901779702,0.4722257378106229,129,True,31.011801104250917
0.21756134211602784,0.8138273354103178,33,True,34.375692548518785
0.1707680579227211,0.7494420876991154,116,False,31.165039427706066
0.08211775446935682,0.6288578482301556,8,True,19.289372496678908
0.146163073590906,0.6727733682807002,142,True,30.776545985341528
0.07069035303656121,0.5376865650554338,185,True,31.160116822678376
0.00027513539927198627,0.5593323032974521,152,True,30.651800078646144
0.10564594386199316,0.5085409172209273,30,True,33.1618455344534
0.12633758903551734,0.46040405237669363,54,True,33.663584950209206
0.04163537662464606,0.5913433833640294,93,True,32.079591059414795
0.16733454065690423,0.7204042713308786,3,True,2.9710695134138505
0.0915944022318489,0.6496920877766197,120,True,30.84541494280444
0.19519693068965824,0.6885567928773584,65,False,33.35694800275828
0.06356656411777431,0.49091386014757765,133,True,30.741618449423683
0.013825725687115487,0.6166373155725738,108,True,31.547297385088218
0.1367030522443162,0.7405162668763938,198,True,30.41481894172223
0.11757206918468521,0.7966184516264947,5,True,3.4845102481427532
0.0006706279031985229,0.4359712684467359,148,True,30.491819581501858
0.03833088549184221,0.40319202059902853,91,True,32.14926643670399
0.15581757991141268,0.5779328565158748,163,True,31.18148175581834
0.21816891362948865,0.551497861587115,3,True,2.9522059420518314
0.2575018815501313,0.666669643913349,101,True,31.710148938472383
0.09311563524028267,0.5132749834190503,3,False,37.686382946905134
0.06607529571694333,0.599982124352024,72,True,32.986771645798264
0.18599901058417445,0.9407347965014595,76,True,32.67081796274102
0.1330536943836027,0.6275402147985756,27,True,32.36494746659577
0.2822068286413473,0.7062221932321191,13,True,8.794880659218853
0.026778538813892028,0.8569378271720454,103,True,31.732843619037226
0.10602512743005213,0.4754019039945544,158,True,31.07946377635946
0.05169478312178884,0.5289156490905784,178,True,31.227604188952114
0.9605031529762411,0.767400245537554,117,True,31.13461565990408
0.07822938801411201,0.642589367401917,188,True,31.163291372898172
0.00012567683865008505,0.4463573211080667,67,False,33.402435547305856
0.2041186745771763,0.6732031123204264,110,True,31.438980562830277
0.15224387230403552,0.6083796146024636,105,True,31.675041259580627
0.23531254896462112,0.5722368006080317,6,True,8.257035270473395
0.17534777995048773,0.7326991543862558,171,True,31.302449783316916
0.11642514375406669,0.5469423502211653,38,True,34.576157679122716
0.0915823800528118,0.877215728091456,126,True,30.60482277075987
0.0001080863046029612,0.7000143223583466,149,True,30.59745661694392
0.04849623728505954,0.655575450208645,28,True,34.88095652370286
0.14020222003741384,0.5058349737490847,125,True,30.704892013562652
0.021258576809109878,0.42577442045353553,138,False,31.009968445753838
0.061599938522609324,0.8189726758050925,132,True,30.707275966310082
0.11257874073564321,0.5886362306381449,22,True,30.368475253082536
0.16704085460518692,0.46709817800592957,71,True,32.71139264487129
0.07566224008903515,0.4909690393616534,156,True,30.93451926998007
0.036935784428716006,0.5567662500120835,79,True,32.751557023476074
0.2173180077909333,0.7875269711333346,191,True,31.344181195875848
0.12739376869833996,0.6345664515111745,39,True,34.60558471194032
0.1874335931825744,0.6822241415765269,98,True,31.817407260729528
0.2484980503308265,0.5298250403063023,147,True,30.60856902728395
0.09686256974537678,0.754765622738479,187,False,30.919841390594105
0.7460901575503578,0.38573062091614196,130,True,31.118589472094385
0.15421048258489511,0.606442890352107,63,True,33.23460574244329
0.08178872486671056,0.5738655092234853,29,True,33.94744067524411
0.3134146900135585,0.7142603631417302,25,True,29.21889582736512
0.1331154353405989,0.657923940078908,3,True,2.768785310106581
0.05352276974236083,0.6202565302869495,99,True,31.7701288375653
0.011894697952538863,0.5152668838068415,10,True,32.92828746073702
0.2705067123761338,0.4805065484110531,94,True,32.12325236069485
0.19290585664905002,0.5430732004056512,123,True,30.920704914862927
0.03559958922813498,0.45437221616261614,90,False,32.49706611122172
0.11538166633831459,0.41091791575681014,87,True,32.45738817155789
0.0681836120382423,0.694040998293337,137,True,30.829106775519932
0.16004157993457266,0.5899828764293047,141,True,30.829885779220685
0.20804987258077842,0.8953666996091515,104,True,31.74157171252288
0.23185637020660652,0.5616053996157173,115,True,31.23082042442972
0.09266252290338751,0.6418203383200227,84,True,32.63996256641401
0.02018584510738705,0.7304154484512962,51,True,34.28288030340996
0.13952953435280743,0.7809753446685426,60,True,33.42930574549052
3.298775832594192e-05,0.5214381392489897,119,True,30.802976935492854
0.11537108731739426,0.6646116990187666,161,False,30.866604505558303
0.18170690338973222,0.8323120807200433,4,True,10.52947739846399
0.049629160761963526,0.6206967596956818,57,True,33.765357382199255
0.07624863073722907,0.44303633767009837,111,True,31.2064076222797
0.2927226883360812,0.49441840452400765,21,True,24.69910762411698
0.09874658933068495,0.5807874010766334,182,True,31.13209744011519
0.15166137924265793,0.6755250857492856,40,True,34.55096708839324
0.17022241580126296,0.807957455643044,3,True,2.9450851837913903
0.01939049019457785,0.7614160924419071,166,True,31.354980748416295
0.06011499499271938,0.6001992998245508,14,True,29.41207244028213
0.1331266409310238,0.5412563139070851,167,False,31.07073553277958
0.03954270145657799,0.7165563389764854,183,True,31.053678644106412
0.19941216312121984,0.37291790378713824,42,True,34.136119618622686
0.10189541878351477,0.6363948937683637,55,True,33.81298167098581
0.25234330133658756,0.4165589509981137,176,True,31.422545424802234
0.22098528425711375,0.5678143692313065,92,True,32.10613684233477
0.08216498397080926,0.471349921301086,11,True,25.305872924249964
0.3282123092263387,0.7470788613141348,186,True,31.55003873412993
0.11707036525291453,0.518772079395468,53,True,33.80516293807516
8.851418612897122e-05,0.6076777734027388,144,True,30.620299412822664
0.14477291822029545,0.6936804766886041,80,True,32.65419596738718
0.033478424255610095,0.9237218108928965,100,False,31.890546964656057
0.17173049597190038,0.6493172396785499,127,True,30.82256579535449
0.0666429480344943,0.4935969692796933,195,True,30.504303887312375
0.09549713114914535,0.5606573367896388,199,True,30.341798751807517
0.1296974610923753,0.8618934769614124,172,True,31.321240709864995
0.016909522547660552,0.5374488167179634,37,True,35.22628255857837
0.18458020218256005,0.5837451015758754,194,True,30.916347424568993
0.050901093681187795,0.42975460397589416,174,True,31.29566338963779
0.1537836239241634,0.6280955076854061,20,True,26.85591165939849
0.07765011702930343,0.6746291412334956,88,False,32.62823466402688
0.22608328117590404,0.34804287575744897,9,True,5.056274328576817
0.267181344307581,0.7229632725400716,3,True,3.201631383367602
0.10830848458549998,0.5060668508080637,66,True,33.186342206227785
0.2022065556741077,0.3947493729054511,73,True,32.535140810980614
0.12473450158054546,0.6000098478691779,168,True,31.42458414829295
0.05592444266287263,0.6494637045379255,193,True,30.817028158557765
0.1737315423905973,0.45437473356910885,24,True,26.73272562098227
0.09202018320645931,0.5516376994405073,102,True,31.55259148723488
0.1394770541881712,0.7020922723542392,7,True,7.771595322823032
0.028820137537367577,0.4837399536102064,114,False,31.164934287261815
0.001038272824101849,0.7880040996920978,153,True,30.73635581585693
0.07060004134390872,0.8481643743622951,3,True,4.788331805825942
0.1581822241185084,0.6201510499767688,23,True,29.170313128305384
0.10338640096960146,0.9983156248528573,59,True,33.568158545639555
0.1989587328377766,0.5255737844286799,95,True,31.942127377621734
0.25011312868093705,0.5832964320911125,86,True,32.49538085917863
0.03816150704840449,0.7393521699832761,69,True,33.0456557359289
0.11720623637373129,0.6687285889067374,43,True,34.4505825351621
0.00026554566114626865,0.6918617114888767,17,True,36.47778021748257
0.07770950798988933,0.7639964846107717,143,False,30.758388061743858
0.2371620573741724,0.5632304183828624,70,True,32.7649361211258
0.05656505638060502,0.46487709767999835,175,True,31.325851091412684
0.018408132567979407,0.6076279580122331,97,True,31.751502676223527
0.16945722801099156,0.8049856906482962,177,True,31.26078140917113
0.21129933198776907,0.951638896499235,173,True,31.39757292287477
0.2960428862330747,0.514248384210796,197,True,30.856015673547734
0.13437470786508926,0.6260614113024341,15,True,25.969613192717656
0.09221117667808028,0.6523931385433062,31,True,34.53487369844924
0.14815444877324677,0.5416373924611382,62,True,33.28050725515278
0.04070675234464857,0.7179907811297255,145,True,30.572488192658636
0.11741842906774949,0.48452040952460396,46,False,34.51446299153093
0.18079037673129736,0.4380421880097084,49,True,33.88143768141576
0.0010193013136888668,0.590344666540198,78,True,32.62384019019195
0.07404623936002548,0.4037221631985313,118,True,30.881152809346773
0.10270474868954178,0.5017047580588071,159,True,31.124879194648287
0.05437535527575183,0.6797355328863177,192,True,30.918044493035918
0.2697570917587251,0.8307524848131529,146,True,30.701684792179005
0.032262978691727326,0.5696923397023101,75,True,32.824968626037446
0.16135434933630366,0.6433371911908236,124,True,30.78959556938524
0.22367341098984145,0.7765240733069754,3,False,42.005183247605125
0.11355943939887284,0.7375122344017391,160,True,31.118857123554278
0.18992475568375025,0.5342113991675845,170,True,31.318265687900283
0.08514927395085126,0.6044223884641213,64,True,33.3938840364597
0.14253381126007192,0.36954536397310955,83,True,32.46543106435511
0.020846359594053024,0.4611227640881099,48,True,34.474462143422556
0.0676087326776281,0.8847363930040886,74,True,32.89755040978773
0.13248471298993064,0.5523199378170538,89,True,32.345248173945926
0.049135197061644924,0.6310897176440607,16,True,31.088798341608054
0.08851719894340836,0.6616388467473011,19,True,31.352988434813728
0.3482584814660773,0.6902752879727037,140,False,30.720574153566677
0.20961638145616968,0.5830397409112588,128,True,30.90904700783501
0.16180017302236976,0.7065814302273554,150,True,30.544435875855992
0.24271579051326764,0.5245437403582187,77,True,32.583700028075576
0.11570799896682381,0.4900870476451607,85,True,32.555338426044365
0.0197308352962449,0.43297894139205745,179,True,31.069606449466473
0.1757882852962913,0.6232317640903764,139,True,30.87534290929345
0.0013517446715185788,0.5673907719357574,181,True,31.01889010273914
0.060567166094227055,0.5918208174061836,41,True,34.77113726659803
0.09496238790503325,0.7518435743362483,165,True,31.486520121948644
0.14368012916658127,0.5448807089664631,135,False,30.756828628933466
0.28113185217999676,0.6716602863592591,106,True,31.78656539124414
0.04026049473206508,0.503105668303703,52,True,34.124589828009455
0.31492224824358694,0.41038747686022237,180,True,31.473251275579717
0.1898670207462025,0.45232497312766096,107,True,31.69641399619337
0.13073398587991364,0.612752074253169,157,True,31.051299367937432
0.07379043210437243,0.7950738787202856,109,True,31.3740658474882
