AdminStrata,Agadez,Diffa,Dosso,Maradi,Niamey,Tahoua,Tillaberi,Zinder
Food Group,Price cereals and tubers,Price cereals and tubers,Price cereals and tubers,Price cereals and tubers,Price cereals and tubers,Price cereals and tubers,Price cereals and tubers,Price cereals and tubers
2018-01-31,0.6092464747221242,0.472486531925412,0.36332287164923815,0.22289908245128506,0.41880594276566374,0.45518706550052423,0.38650933745528754,0.30503530663079664
2018-02-01,,,,,,,,
2018-02-02,,,,,,,,
2018-02-03,,,,,,,,
2018-02-04,,,,,,,,
2018-02-05,,,,,,,,
2018-02-06,,,,,,,,
2018-02-07,,,,,,,,
2018-02-08,,,,,,,,
2018-02-09,,,,,,,,
2018-02-10,,,,,,,,
2018-02-11,,,,,,,,
2018-02-12,,,,,,,,
2018-02-13,,,,,,,,
2018-02-14,,,,,,,,
2018-02-15,,,,,,,,
2018-02-16,,,,,,,,
2018-02-17,,,,,,,,
2018-02-18,,,,,,,,
2018-02-19,,,,,,,,
2018-02-20,,,,,,,,
2018-02-21,,,,,,,,
2018-02-22,,,,,,,,
2018-02-23,,,,,,,,
2018-02-24,,,,,,,,
2018-02-25,,,,,,,,
2018-02-26,,,,,,,,
2018-02-27,,,,,,,,
2018-02-28,0.5945854293775881,0.5912937508247925,0.36150515811744405,0.23424245230249097,0.4252061634073623,0.46939441616993044,0.419906423205302,0.2855489359496814
2018-03-01,,,,,,,,
2018-03-02,,,,,,,,
2018-03-03,,,,,,,,
2018-03-04,,,,,,,,
2018-03-05,,,,,,,,
2018-03-06,,,,,,,,
2018-03-07,,,,,,,,
2018-03-08,,,,,,,,
2018-03-09,,,,,,,,
2018-03-10,,,,,,,,
2018-03-11,,,,,,,,
2018-03-12,,,,,,,,
2018-03-13,,,,,,,,
2018-03-14,,,,,,,,
2018-03-15,,,,,,,,
2018-03-16,,,,,,,,
2018-03-17,,,,,,,,
2018-03-18,,,,,,,,
2018-03-19,,,,,,,,
2018-03-20,,,,,,,,
2018-03-21,,,,,,,,
2018-03-22,,,,,,,,
2018-03-23,,,,,,,,
2018-03-24,,,,,,,,
2018-03-25,,,,,,,,
2018-03-26,,,,,,,,
2018-03-27,,,,,,,,
2018-03-28,,,,,,,,
2018-03-29,,,,,,,,
2018-03-30,,,,,,,,
2018-03-31,0.5938300505946188,0.5680414796944333,0.3670561767856759,0.2537601951361335,0.41485182990631236,0.4938967555142899,0.44967901589984943,0.2923089973961345
2018-04-01,,,,,,,,
2018-04-02,,,,,,,,
2018-04-03,,,,,,,,
2018-04-04,,,,,,,,
2018-04-05,,,,,,,,
2018-04-06,,,,,,,,
2018-04-07,,,,,,,,
2018-04-08,,,,,,,,
2018-04-09,,,,,,,,
2018-04-10,,,,,,,,
2018-04-11,,,,,,,,
2018-04-12,,,,,,,,
2018-04-13,,,,,,,,
2018-04-14,,,,,,,,
2018-04-15,,,,,,,,
2018-04-16,,,,,,,,
2018-04-17,,,,,,,,
2018-04-18,,,,,,,,
2018-04-19,,,,,,,,
2018-04-20,,,,,,,,
2018-04-21,,,,,,,,
2018-04-22,,,,,,,,
2018-04-23,,,,,,,,
2018-04-24,,,,,,,,
2018-04-25,,,,,,,,
2018-04-26,,,,,,,,
2018-04-27,,,,,,,,
2018-04-28,,,,,,,,
2018-04-29,,,,,,,,
2018-04-30,0.6223107921314678,0.4841133427524934,0.406445934884224,0.33054394899659806,0.4646109724331931,0.5431329530484734,0.4427577338622276,0.3375525089919845
2018-05-01,,,,,,,,
2018-05-02,,,,,,,,
2018-05-03,,,,,,,,
2018-05-04,,,,,,,,
2018-05-05,,,,,,,,
2018-05-06,,,,,,,,
2018-05-07,,,,,,,,
2018-05-08,,,,,,,,
2018-05-09,,,,,,,,
2018-05-10,,,,,,,,
2018-05-11,,,,,,,,
2018-05-12,,,,,,,,
2018-05-13,,,,,,,,
2018-05-14,,,,,,,,
2018-05-15,,,,,,,,
2018-05-16,,,,,,,,
2018-05-17,,,,,,,,
2018-05-18,,,,,,,,
2018-05-19,,,,,,,,
2018-05-20,,,,,,,,
2018-05-21,,,,,,,,
2018-05-22,,,,,,,,
2018-05-23,,,,,,,,
2018-05-24,,,,,,,,
2018-05-25,,,,,,,,
2018-05-26,,,,,,,,
2018-05-27,,,,,,,,
2018-05-28,,,,,,,,
2018-05-29,,,,,,,,
2018-05-30,,,,,,,,
2018-05-31,0.6682777538222198,0.5231246776528705,0.4311973951450955,0.37361340938356546,0.4976530411929711,0.5779876139040541,0.5324568791645565,0.35597965110181184
2018-06-01,,,,,,,,
2018-06-02,,,,,,,,
2018-06-03,,,,,,,,
2018-06-04,,,,,,,,
2018-06-05,,,,,,,,
2018-06-06,,,,,,,,
2018-06-07,,,,,,,,
2018-06-08,,,,,,,,
2018-06-09,,,,,,,,
2018-06-10,,,,,,,,
2018-06-11,,,,,,,,
2018-06-12,,,,,,,,
2018-06-13,,,,,,,,
2018-06-14,,,,,,,,
2018-06-15,,,,,,,,
2018-06-16,,,,,,,,
2018-06-17,,,,,,,,
2018-06-18,,,,,,,,
2018-06-19,,,,,,,,
2018-06-20,,,,,,,,
2018-06-21,,,,,,,,
2018-06-22,,,,,,,,
2018-06-23,,,,,,,,
2018-06-24,,,,,,,,
2018-06-25,,,,,,,,
2018-06-26,,,,,,,,
2018-06-27,,,,,,,,
2018-06-28,,,,,,,,
2018-06-29,,,,,,,,
2018-06-30,0.6856895746663375,0.6722571384673708,0.4604466324251373,0.2967982330588258,0.45677378521731893,0.5873901971854905,0.547051819774069,0.37181134111395675
2018-07-01,,,,,,,,
2018-07-02,,,,,,,,
2018-07-03,,,,,,,,
2018-07-04,,,,,,,,
2018-07-05,,,,,,,,
2018-07-06,,,,,,,,
2018-07-07,,,,,,,,
2018-07-08,,,,,,,,
2018-07-09,,,,,,,,
2018-07-10,,,,,,,,
2018-07-11,,,,,,,,
2018-07-12,,,,,,,,
2018-07-13,,,,,,,,
2018-07-14,,,,,,,,
2018-07-15,,,,,,,,
2018-07-16,,,,,,,,
2018-07-17,,,,,,,,
2018-07-18,,,,,,,,
2018-07-19,,,,,,,,
2018-07-20,,,,,,,,
2018-07-21,,,,,,,,
2018-07-22,,,,,,,,
2018-07-23,,,,,,,,
2018-07-24,,,,,,,,
2018-07-25,,,,,,,,
2018-07-26,,,,,,,,
2018-07-27,,,,,,,,
2018-07-28,,,,,,,,
2018-07-29,,,,,,,,
2018-07-30,,,,,,,,
2018-07-31,0.686738986764454,0.5913223614451145,0.47354115334121666,0.3874783123870812,0.5244146610982003,0.5758360625224297,0.5955275020534689,0.3549417594819796
2018-08-01,,,,,,,,
2018-08-02,,,,,,,,
2018-08-03,,,,,,,,
2018-08-04,,,,,,,,
2018-08-05,,,,,,,,
2018-08-06,,,,,,,,
2018-08-07,,,,,,,,
2018-08-08,,,,,,,,
2018-08-09,,,,,,,,
2018-08-10,,,,,,,,
2018-08-11,,,,,,,,
2018-08-12,,,,,,,,
2018-08-13,,,,,,,,
2018-08-14,,,,,,,,
2018-08-15,,,,,,,,
2018-08-16,,,,,,,,
2018-08-17,,,,,,,,
2018-08-18,,,,,,,,
2018-08-19,,,,,,,,
2018-08-20,,,,,,,,
2018-08-21,,,,,,,,
2018-08-22,,,,,,,,
2018-08-23,,,,,,,,
2018-08-24,,,,,,,,
2018-08-25,,,,,,,,
2018-08-26,,,,,,,,
2018-08-27,,,,,,,,
2018-08-28,,,,,,,,
2018-08-29,,,,,,,,
2018-08-30,,,,,,,,
2018-08-31,0.7043721844525079,0.690946678559706,0.3957270857929233,0.3514133305352797,0.4988597192933867,0.515817176359753,0.5387134332791996,0.3678557984884136
2018-09-01,,,,,,,,
2018-09-02,,,,,,,,
2018-09-03,,,,,,,,
2018-09-04,,,,,,,,
2018-09-05,,,,,,,,
2018-09-06,,,,,,,,
2018-09-07,,,,,,,,
2018-09-08,,,,,,,,
2018-09-09,,,,,,,,
2018-09-10,,,,,,,,
2018-09-11,,,,,,,,
2018-09-12,,,,,,,,
2018-09-13,,,,,,,,
2018-09-14,,,,,,,,
2018-09-15,,,,,,,,
2018-09-16,,,,,,,,
2018-09-17,,,,,,,,
2018-09-18,,,,,,,,
2018-09-19,,,,,,,,
2018-09-20,,,,,,,,
2018-09-21,,,,,,,,
2018-09-22,,,,,,,,
2018-09-23,,,,,,,,
2018-09-24,,,,,,,,
2018-09-25,,,,,,,,
2018-09-26,,,,,,,,
2018-09-27,,,,,,,,
2018-09-28,,,,,,,,
2018-09-29,,,,,,,,
2018-09-30,0.6367046076523946,0.5522957350821394,0.34681653407374236,0.307744833974059,0.4677363660356813,0.4502850542203713,0.4914031752226522,0.38660908964850993
2018-10-01,,,,,,,,
2018-10-02,,,,,,,,
2018-10-03,,,,,,,,
2018-10-04,,,,,,,,
2018-10-05,,,,,,,,
2018-10-06,,,,,,,,
2018-10-07,,,,,,,,
2018-10-08,,,,,,,,
2018-10-09,,,,,,,,
2018-10-10,,,,,,,,
2018-10-11,,,,,,,,
2018-10-12,,,,,,,,
2018-10-13,,,,,,,,
2018-10-14,,,,,,,,
2018-10-15,,,,,,,,
2018-10-16,,,,,,,,
2018-10-17,,,,,,,,
2018-10-18,,,,,,,,
2018-10-19,,,,,,,,
2018-10-20,,,,,,,,
2018-10-21,,,,,,,,
2018-10-22,,,,,,,,
2018-10-23,,,,,,,,
2018-10-24,,,,,,,,
2018-10-25,,,,,,,,
2018-10-26,,,,,,,,
2018-10-27,,,,,,,,
2018-10-28,,,,,,,,
2018-10-29,,,,,,,,
2018-10-30,,,,,,,,
2018-10-31,0.49811549710037695,0.49794398162115083,0.23402741876333766,0.19090712742797467,0.381237752106081,0.3164083395981577,0.3687154924402654,0.23470997334414107
2018-11-01,,,,,,,,
2018-11-02,,,,,,,,
2018-11-03,,,,,,,,
2018-11-04,,,,,,,,
2018-11-05,,,,,,,,
2018-11-06,,,,,,,,
2018-11-07,,,,,,,,
2018-11-08,,,,,,,,
2018-11-09,,,,,,,,
2018-11-10,,,,,,,,
2018-11-11,,,,,,,,
2018-11-12,,,,,,,,
2018-11-13,,,,,,,,
2018-11-14,,,,,,,,
2018-11-15,,,,,,,,
2018-11-16,,,,,,,,
2018-11-17,,,,,,,,
2018-11-18,,,,,,,,
2018-11-19,,,,,,,,
2018-11-20,,,,,,,,
2018-11-21,,,,,,,,
2018-11-22,,,,,,,,
2018-11-23,,,,,,,,
2018-11-24,,,,,,,,
2018-11-25,,,,,,,,
2018-11-26,,,,,,,,
2018-11-27,,,,,,,,
2018-11-28,,,,,,,,
2018-11-29,,,,,,,,
2018-11-30,0.509421464765312,0.39080528573237316,0.23178398491405988,0.14376427285276364,0.38671689222085714,0.2974262074204218,0.3547782388474606,0.23376664406194084
2018-12-01,,,,,,,,
2018-12-02,,,,,,,,
2018-12-03,,,,,,,,
2018-12-04,,,,,,,,
2018-12-05,,,,,,,,
2018-12-06,,,,,,,,
2018-12-07,,,,,,,,
2018-12-08,,,,,,,,
2018-12-09,,,,,,,,
2018-12-10,,,,,,,,
2018-12-11,,,,,,,,
2018-12-12,,,,,,,,
2018-12-13,,,,,,,,
2018-12-14,,,,,,,,
2018-12-15,,,,,,,,
2018-12-16,,,,,,,,
2018-12-17,,,,,,,,
2018-12-18,,,,,,,,
2018-12-19,,,,,,,,
2018-12-20,,,,,,,,
2018-12-21,,,,,,,,
2018-12-22,,,,,,,,
2018-12-23,,,,,,,,
2018-12-24,,,,,,,,
2018-12-25,,,,,,,,
2018-12-26,,,,,,,,
2018-12-27,,,,,,,,
2018-12-28,,,,,,,,
2018-12-29,,,,,,,,
2018-12-30,,,,,,,,
2018-12-31,0.48794212139794424,0.3456552451769421,0.223589217395873,0.1285946085473185,0.3765699334848905,0.2783272666006441,0.38555592437171776,0.20530963377202513
2019-01-01,,,,,,,,
2019-01-02,,,,,,,,
2019-01-03,,,,,,,,
2019-01-04,,,,,,,,
2019-01-05,,,,,,,,
2019-01-06,,,,,,,,
2019-01-07,,,,,,,,
2019-01-08,,,,,,,,
2019-01-09,,,,,,,,
2019-01-10,,,,,,,,
2019-01-11,,,,,,,,
2019-01-12,,,,,,,,
2019-01-13,,,,,,,,
2019-01-14,,,,,,,,
2019-01-15,,,,,,,,
2019-01-16,,,,,,,,
2019-01-17,,,,,,,,
2019-01-18,,,,,,,,
2019-01-19,,,,,,,,
2019-01-20,,,,,,,,
2019-01-21,,,,,,,,
2019-01-22,,,,,,,,
2019-01-23,,,,,,,,
2019-01-24,,,,,,,,
2019-01-25,,,,,,,,
2019-01-26,,,,,,,,
2019-01-27,,,,,,,,
2019-01-28,,,,,,,,
2019-01-29,,,,,,,,
2019-01-30,,,,,,,,
2019-01-31,0.4874225108947871,0.3372239581010055,0.23432481203090533,0.11744171534337888,0.3765699334848905,0.3019954780562953,0.39524455686816107,0.20068946716919583
2019-02-01,,,,,,,,
2019-02-02,,,,,,,,
2019-02-03,,,,,,,,
2019-02-04,,,,,,,,
2019-02-05,,,,,,,,
2019-02-06,,,,,,,,
2019-02-07,,,,,,,,
2019-02-08,,,,,,,,
2019-02-09,,,,,,,,
2019-02-10,,,,,,,,
2019-02-11,,,,,,,,
2019-02-12,,,,,,,,
2019-02-13,,,,,,,,
2019-02-14,,,,,,,,
2019-02-15,,,,,,,,
2019-02-16,,,,,,,,
2019-02-17,,,,,,,,
2019-02-18,,,,,,,,
2019-02-19,,,,,,,,
2019-02-20,,,,,,,,
2019-02-21,,,,,,,,
2019-02-22,,,,,,,,
2019-02-23,,,,,,,,
2019-02-24,,,,,,,,
2019-02-25,,,,,,,,
2019-02-26,,,,,,,,
2019-02-27,,,,,,,,
2019-02-28,0.45710310699263573,0.3577198178547395,0.2150439259707737,0.13883000212234808,0.37071240642896414,0.26611576677026944,0.42678431674176187,0.2056310409677427
2019-03-01,,,,,,,,
2019-03-02,,,,,,,,
2019-03-03,,,,,,,,
2019-03-04,,,,,,,,
2019-03-05,,,,,,,,
2019-03-06,,,,,,,,
2019-03-07,,,,,,,,
2019-03-08,,,,,,,,
2019-03-09,,,,,,,,
2019-03-10,,,,,,,,
2019-03-11,,,,,,,,
2019-03-12,,,,,,,,
2019-03-13,,,,,,,,
2019-03-14,,,,,,,,
2019-03-15,,,,,,,,
2019-03-16,,,,,,,,
2019-03-17,,,,,,,,
2019-03-18,,,,,,,,
2019-03-19,,,,,,,,
2019-03-20,,,,,,,,
2019-03-21,,,,,,,,
2019-03-22,,,,,,,,
2019-03-23,,,,,,,,
2019-03-24,,,,,,,,
2019-03-25,,,,,,,,
2019-03-26,,,,,,,,
2019-03-27,,,,,,,,
2019-03-28,,,,,,,,
2019-03-29,,,,,,,,
2019-03-30,,,,,,,,
2019-03-31,0.540423157807687,0.3491836699979029,0.2564662142019149,0.18324302868829237,0.37110861836674947,0.3207535900612673,0.3874875345378571,0.23668349557552415
2019-04-01,,,,,,,,
2019-04-02,,,,,,,,
2019-04-03,,,,,,,,
2019-04-04,,,,,,,,
2019-04-05,,,,,,,,
2019-04-06,,,,,,,,
2019-04-07,,,,,,,,
2019-04-08,,,,,,,,
2019-04-09,,,,,,,,
2019-04-10,,,,,,,,
2019-04-11,,,,,,,,
2019-04-12,,,,,,,,
2019-04-13,,,,,,,,
2019-04-14,,,,,,,,
2019-04-15,,,,,,,,
2019-04-16,,,,,,,,
2019-04-17,,,,,,,,
2019-04-18,,,,,,,,
2019-04-19,,,,,,,,
2019-04-20,,,,,,,,
2019-04-21,,,,,,,,
2019-04-22,,,,,,,,
2019-04-23,,,,,,,,
2019-04-24,,,,,,,,
2019-04-25,,,,,,,,
2019-04-26,,,,,,,,
2019-04-27,,,,,,,,
2019-04-28,,,,,,,,
2019-04-29,,,,,,,,
2019-04-30,0.5639433074123326,0.3923073747585882,0.3022086317812757,0.20371502998126792,0.38192795852373135,0.29630096425313746,0.35381767952757975,0.28465666504230536
2019-05-01,,,,,,,,
2019-05-02,,,,,,,,
2019-05-03,,,,,,,,
2019-05-04,,,,,,,,
2019-05-05,,,,,,,,
2019-05-06,,,,,,,,
2019-05-07,,,,,,,,
2019-05-08,,,,,,,,
2019-05-09,,,,,,,,
2019-05-10,,,,,,,,
2019-05-11,,,,,,,,
2019-05-12,,,,,,,,
2019-05-13,,,,,,,,
2019-05-14,,,,,,,,
2019-05-15,,,,,,,,
2019-05-16,,,,,,,,
2019-05-17,,,,,,,,
2019-05-18,,,,,,,,
2019-05-19,,,,,,,,
2019-05-20,,,,,,,,
2019-05-21,,,,,,,,
2019-05-22,,,,,,,,
2019-05-23,,,,,,,,
2019-05-24,,,,,,,,
2019-05-25,,,,,,,,
2019-05-26,,,,,,,,
2019-05-27,,,,,,,,
2019-05-28,,,,,,,,
2019-05-29,,,,,,,,
2019-05-30,,,,,,,,
2019-05-31,0.4398841435174394,0.4275570938433627,0.29431629804066417,0.17030644407029585,0.38267202659139643,0.33902079745991043,0.37584950558597147,0.256815205440456
2019-06-01,,,,,,,,
2019-06-02,,,,,,,,
2019-06-03,,,,,,,,
2019-06-04,,,,,,,,
2019-06-05,,,,,,,,
2019-06-06,,,,,,,,
2019-06-07,,,,,,,,
2019-06-08,,,,,,,,
2019-06-09,,,,,,,,
2019-06-10,,,,,,,,
2019-06-11,,,,,,,,
2019-06-12,,,,,,,,
2019-06-13,,,,,,,,
2019-06-14,,,,,,,,
2019-06-15,,,,,,,,
2019-06-16,,,,,,,,
2019-06-17,,,,,,,,
2019-06-18,,,,,,,,
2019-06-19,,,,,,,,
2019-06-20,,,,,,,,
2019-06-21,,,,,,,,
2019-06-22,,,,,,,,
2019-06-23,,,,,,,,
2019-06-24,,,,,,,,
2019-06-25,,,,,,,,
2019-06-26,,,,,,,,
2019-06-27,,,,,,,,
2019-06-28,,,,,,,,
2019-06-29,,,,,,,,
2019-06-30,0.47137004143584477,0.45521128941592326,0.2528545892099325,0.1239373618120301,0.30262205151564125,0.2870881142513041,0.3698702210838576,0.22705641100325116
2019-07-01,,,,,,,,
2019-07-02,,,,,,,,
2019-07-03,,,,,,,,
2019-07-04,,,,,,,,
2019-07-05,,,,,,,,
2019-07-06,,,,,,,,
2019-07-07,,,,,,,,
2019-07-08,,,,,,,,
2019-07-09,,,,,,,,
2019-07-10,,,,,,,,
2019-07-11,,,,,,,,
2019-07-12,,,,,,,,
2019-07-13,,,,,,,,
2019-07-14,,,,,,,,
2019-07-15,,,,,,,,
2019-07-16,,,,,,,,
2019-07-17,,,,,,,,
2019-07-18,,,,,,,,
2019-07-19,,,,,,,,
2019-07-20,,,,,,,,
2019-07-21,,,,,,,,
2019-07-22,,,,,,,,
2019-07-23,,,,,,,,
2019-07-24,,,,,,,,
2019-07-25,,,,,,,,
2019-07-26,,,,,,,,
2019-07-27,,,,,,,,
2019-07-28,,,,,,,,
2019-07-29,,,,,,,,
2019-07-30,,,,,,,,
2019-07-31,0.44615116009965705,0.42149954117465543,0.24256135720216598,0.1543109775639718,0.35552277123545045,0.26627891543032034,0.3234840470242373,0.13678104569111496
2019-08-01,,,,,,,,
2019-08-02,,,,,,,,
2019-08-03,,,,,,,,
2019-08-04,,,,,,,,
2019-08-05,,,,,,,,
2019-08-06,,,,,,,,
2019-08-07,,,,,,,,
2019-08-08,,,,,,,,
2019-08-09,,,,,,,,
2019-08-10,,,,,,,,
2019-08-11,,,,,,,,
2019-08-12,,,,,,,,
2019-08-13,,,,,,,,
2019-08-14,,,,,,,,
2019-08-15,,,,,,,,
2019-08-16,,,,,,,,
2019-08-17,,,,,,,,
2019-08-18,,,,,,,,
2019-08-19,,,,,,,,
2019-08-20,,,,,,,,
2019-08-21,,,,,,,,
2019-08-22,,,,,,,,
2019-08-23,,,,,,,,
2019-08-24,,,,,,,,
2019-08-25,,,,,,,,
2019-08-26,,,,,,,,
2019-08-27,,,,,,,,
2019-08-28,,,,,,,,
2019-08-29,,,,,,,,
2019-08-30,,,,,,,,
2019-08-31,0.49186630542921034,0.4479927208564695,0.23023455779889884,0.10880350013333193,0.3440864295849492,0.27356626920348265,0.328104705047862,0.19335288103307247
2019-09-01,,,,,,,,
2019-09-02,,,,,,,,
2019-09-03,,,,,,,,
2019-09-04,,,,,,,,
2019-09-05,,,,,,,,
2019-09-06,,,,,,,,
2019-09-07,,,,,,,,
2019-09-08,,,,,,,,
2019-09-09,,,,,,,,
2019-09-10,,,,,,,,
2019-09-11,,,,,,,,
2019-09-12,,,,,,,,
2019-09-13,,,,,,,,
2019-09-14,,,,,,,,
2019-09-15,,,,,,,,
2019-09-16,,,,,,,,
2019-09-17,,,,,,,,
2019-09-18,,,,,,,,
2019-09-19,,,,,,,,
2019-09-20,,,,,,,,
2019-09-21,,,,,,,,
2019-09-22,,,,,,,,
2019-09-23,,,,,,,,
2019-09-24,,,,,,,,
2019-09-25,,,,,,,,
2019-09-26,,,,,,,,
2019-09-27,,,,,,,,
2019-09-28,,,,,,,,
2019-09-29,,,,,,,,
2019-09-30,0.46954141598710064,0.3970151363844106,0.22770128080430613,0.11721050336718633,0.3411244762208753,0.26812342991821025,0.3270382845748032,0.19106422857512081
2019-10-01,,,,,,,,
2019-10-02,,,,,,,,
2019-10-03,,,,,,,,
2019-10-04,,,,,,,,
2019-10-05,,,,,,,,
2019-10-06,,,,,,,,
2019-10-07,,,,,,,,
2019-10-08,,,,,,,,
2019-10-09,,,,,,,,
2019-10-10,,,,,,,,
2019-10-11,,,,,,,,
2019-10-12,,,,,,,,
2019-10-13,,,,,,,,
2019-10-14,,,,,,,,
2019-10-15,,,,,,,,
2019-10-16,,,,,,,,
2019-10-17,,,,,,,,
2019-10-18,,,,,,,,
2019-10-19,,,,,,,,
2019-10-20,,,,,,,,
2019-10-21,,,,,,,,
2019-10-22,,,,,,,,
2019-10-23,,,,,,,,
2019-10-24,,,,,,,,
2019-10-25,,,,,,,,
2019-10-26,,,,,,,,
2019-10-27,,,,,,,,
2019-10-28,,,,,,,,
2019-10-29,,,,,,,,
2019-10-30,,,,,,,,
2019-10-31,0.4524586028270559,0.42016206365886494,0.16304035319540652,0.12434050925786339,0.32657617418128027,0.23406459254233913,0.2936926678228716,0.186119283184833
2019-11-01,,,,,,,,
2019-11-02,,,,,,,,
2019-11-03,,,,,,,,
2019-11-04,,,,,,,,
2019-11-05,,,,,,,,
2019-11-06,,,,,,,,
2019-11-07,,,,,,,,
2019-11-08,,,,,,,,
2019-11-09,,,,,,,,
2019-11-10,,,,,,,,
2019-11-11,,,,,,,,
2019-11-12,,,,,,,,
2019-11-13,,,,,,,,
2019-11-14,,,,,,,,
2019-11-15,,,,,,,,
2019-11-16,,,,,,,,
2019-11-17,,,,,,,,
2019-11-18,,,,,,,,
2019-11-19,,,,,,,,
2019-11-20,,,,,,,,
2019-11-21,,,,,,,,
2019-11-22,,,,,,,,
2019-11-23,,,,,,,,
2019-11-24,,,,,,,,
2019-11-25,,,,,,,,
2019-11-26,,,,,,,,
2019-11-27,,,,,,,,
2019-11-28,,,,,,,,
2019-11-29,,,,,,,,
2019-11-30,0.4388631771721558,0.41039510651500466,0.17926079380506366,0.1484652980083745,0.32500265211050144,0.2537104076657736,0.2758225530404208,0.19325332482271954
2019-12-01,,,,,,,,
2019-12-02,,,,,,,,
2019-12-03,,,,,,,,
2019-12-04,,,,,,,,
2019-12-05,,,,,,,,
2019-12-06,,,,,,,,
2019-12-07,,,,,,,,
2019-12-08,,,,,,,,
2019-12-09,,,,,,,,
2019-12-10,,,,,,,,
2019-12-11,,,,,,,,
2019-12-12,,,,,,,,
2019-12-13,,,,,,,,
2019-12-14,,,,,,,,
2019-12-15,,,,,,,,
2019-12-16,,,,,,,,
2019-12-17,,,,,,,,
2019-12-18,,,,,,,,
2019-12-19,,,,,,,,
2019-12-20,,,,,,,,
2019-12-21,,,,,,,,
2019-12-22,,,,,,,,
2019-12-23,,,,,,,,
2019-12-24,,,,,,,,
2019-12-25,,,,,,,,
2019-12-26,,,,,,,,
2019-12-27,,,,,,,,
2019-12-28,,,,,,,,
2019-12-29,,,,,,,,
2019-12-30,,,,,,,,
2019-12-31,0.466363627228541,0.37793078009990116,0.19099819993800116,0.14848525545880456,0.32617228166063006,0.27012073844755957,0.296685480588153,0.20396825887904105
2020-01-01,,,,,,,,
2020-01-02,,,,,,,,
2020-01-03,,,,,,,,
2020-01-04,,,,,,,,
2020-01-05,,,,,,,,
2020-01-06,,,,,,,,
2020-01-07,,,,,,,,
2020-01-08,,,,,,,,
2020-01-09,,,,,,,,
2020-01-10,,,,,,,,
2020-01-11,,,,,,,,
2020-01-12,,,,,,,,
2020-01-13,,,,,,,,
2020-01-14,,,,,,,,
2020-01-15,,,,,,,,
2020-01-16,,,,,,,,
2020-01-17,,,,,,,,
2020-01-18,,,,,,,,
2020-01-19,,,,,,,,
2020-01-20,,,,,,,,
2020-01-21,,,,,,,,
2020-01-22,,,,,,,,
2020-01-23,,,,,,,,
2020-01-24,,,,,,,,
2020-01-25,,,,,,,,
2020-01-26,,,,,,,,
2020-01-27,,,,,,,,
2020-01-28,,,,,,,,
2020-01-29,,,,,,,,
2020-01-30,,,,,,,,
2020-01-31,0.5018653796382473,0.4364220022067236,0.23779163406153098,0.20292033634853981,0.34358045861382724,0.3484348692447216,0.28809549652101024,0.2648001179260425
2020-02-01,,,,,,,,
2020-02-02,,,,,,,,
2020-02-03,,,,,,,,
2020-02-04,,,,,,,,
2020-02-05,,,,,,,,
2020-02-06,,,,,,,,
2020-02-07,,,,,,,,
2020-02-08,,,,,,,,
2020-02-09,,,,,,,,
2020-02-10,,,,,,,,
2020-02-11,,,,,,,,
2020-02-12,,,,,,,,
2020-02-13,,,,,,,,
2020-02-14,,,,,,,,
2020-02-15,,,,,,,,
2020-02-16,,,,,,,,
2020-02-17,,,,,,,,
2020-02-18,,,,,,,,
2020-02-19,,,,,,,,
2020-02-20,,,,,,,,
2020-02-21,,,,,,,,
2020-02-22,,,,,,,,
2020-02-23,,,,,,,,
2020-02-24,,,,,,,,
2020-02-25,,,,,,,,
2020-02-26,,,,,,,,
2020-02-27,,,,,,,,
2020-02-28,,,,,,,,
2020-02-29,0.5429836585577766,0.5002822104121623,0.2817631318113971,0.2285977446551038,0.35833369373810475,0.36198526617700044,0.3180295333525174,0.28052475663300047
2020-03-01,,,,,,,,
2020-03-02,,,,,,,,
2020-03-03,,,,,,,,
2020-03-04,,,,,,,,
2020-03-05,,,,,,,,
2020-03-06,,,,,,,,
2020-03-07,,,,,,,,
2020-03-08,,,,,,,,
2020-03-09,,,,,,,,
2020-03-10,,,,,,,,
2020-03-11,,,,,,,,
2020-03-12,,,,,,,,
2020-03-13,,,,,,,,
2020-03-14,,,,,,,,
2020-03-15,,,,,,,,
2020-03-16,,,,,,,,
2020-03-17,,,,,,,,
2020-03-18,,,,,,,,
2020-03-19,,,,,,,,
2020-03-20,,,,,,,,
2020-03-21,,,,,,,,
2020-03-22,,,,,,,,
2020-03-23,,,,,,,,
2020-03-24,,,,,,,,
2020-03-25,,,,,,,,
2020-03-26,,,,,,,,
2020-03-27,,,,,,,,
2020-03-28,,,,,,,,
2020-03-29,,,,,,,,
2020-03-30,,,,,,,,
2020-03-31,0.5498301460726971,0.5254535994128535,0.2928210430647566,0.27761499939915724,0.37215558510615787,0.3974606394274812,0.3393594124234742,0.31696247763383906
2020-04-01,,,,,,,,
2020-04-02,,,,,,,,
2020-04-03,,,,,,,,
2020-04-04,,,,,,,,
2020-04-05,,,,,,,,
2020-04-06,,,,,,,,
2020-04-07,,,,,,,,
2020-04-08,,,,,,,,
2020-04-09,,,,,,,,
2020-04-10,,,,,,,,
2020-04-11,,,,,,,,
2020-04-12,,,,,,,,
2020-04-13,,,,,,,,
2020-04-14,,,,,,,,
2020-04-15,,,,,,,,
2020-04-16,,,,,,,,
2020-04-17,,,,,,,,
2020-04-18,,,,,,,,
2020-04-19,,,,,,,,
2020-04-20,,,,,,,,
2020-04-21,,,,,,,,
2020-04-22,,,,,,,,
2020-04-23,,,,,,,,
2020-04-24,,,,,,,,
2020-04-25,,,,,,,,
2020-04-26,,,,,,,,
2020-04-27,,,,,,,,
2020-04-28,,,,,,,,
2020-04-29,,,,,,,,
2020-04-30,0.5935376952856493,0.5922440411878881,0.2734369271284339,0.3274882434224593,0.4251367592403684,0.41297384355231564,0.3831494081040332,0.34743145940103504
2020-05-01,,,,,,,,
2020-05-02,,,,,,,,
2020-05-03,,,,,,,,
2020-05-04,,,,,,,,
2020-05-05,,,,,,,,
2020-05-06,,,,,,,,
2020-05-07,,,,,,,,
2020-05-08,,,,,,,,
2020-05-09,,,,,,,,
2020-05-10,,,,,,,,
2020-05-11,,,,,,,,
2020-05-12,,,,,,,,
2020-05-13,,,,,,,,
2020-05-14,,,,,,,,
2020-05-15,,,,,,,,
2020-05-16,,,,,,,,
2020-05-17,,,,,,,,
2020-05-18,,,,,,,,
2020-05-19,,,,,,,,
2020-05-20,,,,,,,,
2020-05-21,,,,,,,,
2020-05-22,,,,,,,,
2020-05-23,,,,,,,,
2020-05-24,,,,,,,,
2020-05-25,,,,,,,,
2020-05-26,,,,,,,,
2020-05-27,,,,,,,,
2020-05-28,,,,,,,,
2020-05-29,,,,,,,,
2020-05-30,,,,,,,,
2020-05-31,0.6094773659420365,0.567098838517212,0.3118858738771528,0.3567513178070318,0.47697046535914434,0.4765158304364728,0.3845159548954629,0.3502015387404217
2020-06-01,,,,,,,,
2020-06-02,,,,,,,,
2020-06-03,,,,,,,,
2020-06-04,,,,,,,,
2020-06-05,,,,,,,,
2020-06-06,,,,,,,,
2020-06-07,,,,,,,,
2020-06-08,,,,,,,,
2020-06-09,,,,,,,,
2020-06-10,,,,,,,,
2020-06-11,,,,,,,,
2020-06-12,,,,,,,,
2020-06-13,,,,,,,,
2020-06-14,,,,,,,,
2020-06-15,,,,,,,,
2020-06-16,,,,,,,,
2020-06-17,,,,,,,,
2020-06-18,,,,,,,,
2020-06-19,,,,,,,,
2020-06-20,,,,,,,,
2020-06-21,,,,,,,,
2020-06-22,,,,,,,,
2020-06-23,,,,,,,,
2020-06-24,,,,,,,,
2020-06-25,,,,,,,,
2020-06-26,,,,,,,,
2020-06-27,,,,,,,,
2020-06-28,,,,,,,,
2020-06-29,,,,,,,,
2020-06-30,0.6183065210109757,0.5381521183921469,0.3693724665024608,0.4256505395242886,0.47706104770851504,0.5457265014187036,0.3923542636443805,0.42437906343243487
2020-07-01,,,,,,,,
2020-07-02,,,,,,,,
2020-07-03,,,,,,,,
2020-07-04,,,,,,,,
2020-07-05,,,,,,,,
2020-07-06,,,,,,,,
2020-07-07,,,,,,,,
2020-07-08,,,,,,,,
2020-07-09,,,,,,,,
2020-07-10,,,,,,,,
2020-07-11,,,,,,,,
2020-07-12,,,,,,,,
2020-07-13,,,,,,,,
2020-07-14,,,,,,,,
2020-07-15,,,,,,,,
2020-07-16,,,,,,,,
2020-07-17,,,,,,,,
2020-07-18,,,,,,,,
2020-07-19,,,,,,,,
2020-07-20,,,,,,,,
2020-07-21,,,,,,,,
2020-07-22,,,,,,,,
2020-07-23,,,,,,,,
2020-07-24,,,,,,,,
2020-07-25,,,,,,,,
2020-07-26,,,,,,,,
2020-07-27,,,,,,,,
2020-07-28,,,,,,,,
2020-07-29,,,,,,,,
2020-07-30,,,,,,,,
2020-07-31,0.6993300982650188,0.6200230556273452,0.4645648316349972,0.5688841735748533,0.5447753880310112,0.6601091905623488,0.5180909914123653,0.574961776379717
2020-08-01,,,,,,,,
2020-08-02,,,,,,,,
2020-08-03,,,,,,,,
2020-08-04,,,,,,,,
2020-08-05,,,,,,,,
2020-08-06,,,,,,,,
2020-08-07,,,,,,,,
2020-08-08,,,,,,,,
2020-08-09,,,,,,,,
2020-08-10,,,,,,,,
2020-08-11,,,,,,,,
2020-08-12,,,,,,,,
2020-08-13,,,,,,,,
2020-08-14,,,,,,,,
2020-08-15,,,,,,,,
2020-08-16,,,,,,,,
2020-08-17,,,,,,,,
2020-08-18,,,,,,,,
2020-08-19,,,,,,,,
2020-08-20,,,,,,,,
2020-08-21,,,,,,,,
2020-08-22,,,,,,,,
2020-08-23,,,,,,,,
2020-08-24,,,,,,,,
2020-08-25,,,,,,,,
2020-08-26,,,,,,,,
2020-08-27,,,,,,,,
2020-08-28,,,,,,,,
2020-08-29,,,,,,,,
2020-08-30,,,,,,,,
2020-08-31,0.7986185849592389,0.8359872668521957,0.5572354979957985,0.6112329407998327,0.652633519895873,0.7555467356097958,0.6079531614873164,0.6218449241026374
2020-09-01,,,,,,,,
2020-09-02,,,,,,,,
2020-09-03,,,,,,,,
2020-09-04,,,,,,,,
2020-09-05,,,,,,,,
2020-09-06,,,,,,,,
2020-09-07,,,,,,,,
2020-09-08,,,,,,,,
2020-09-09,,,,,,,,
2020-09-10,,,,,,,,
2020-09-11,,,,,,,,
2020-09-12,,,,,,,,
2020-09-13,,,,,,,,
2020-09-14,,,,,,,,
2020-09-15,,,,,,,,
2020-09-16,,,,,,,,
2020-09-17,,,,,,,,
2020-09-18,,,,,,,,
2020-09-19,,,,,,,,
2020-09-20,,,,,,,,
2020-09-21,,,,,,,,
2020-09-22,,,,,,,,
2020-09-23,,,,,,,,
2020-09-24,,,,,,,,
2020-09-25,,,,,,,,
2020-09-26,,,,,,,,
2020-09-27,,,,,,,,
2020-09-28,,,,,,,,
2020-09-29,,,,,,,,
2020-09-30,0.8444607128299764,0.8789767340827939,0.5234262121769222,0.5473098876710896,0.6311341431107916,0.6267447497478631,0.5709512545008795,0.6013105523177131
2020-10-01,,,,,,,,
2020-10-02,,,,,,,,
2020-10-03,,,,,,,,
2020-10-04,,,,,,,,
2020-10-05,,,,,,,,
2020-10-06,,,,,,,,
2020-10-07,,,,,,,,
2020-10-08,,,,,,,,
2020-10-09,,,,,,,,
2020-10-10,,,,,,,,
2020-10-11,,,,,,,,
2020-10-12,,,,,,,,
2020-10-13,,,,,,,,
2020-10-14,,,,,,,,
2020-10-15,,,,,,,,
2020-10-16,,,,,,,,
2020-10-17,,,,,,,,
2020-10-18,,,,,,,,
2020-10-19,,,,,,,,
2020-10-20,,,,,,,,
2020-10-21,,,,,,,,
2020-10-22,,,,,,,,
2020-10-23,,,,,,,,
2020-10-24,,,,,,,,
2020-10-25,,,,,,,,
2020-10-26,,,,,,,,
2020-10-27,,,,,,,,
2020-10-28,,,,,,,,
2020-10-29,,,,,,,,
2020-10-30,,,,,,,,
2020-10-31,0.7393229204387883,0.7312912940828559,0.37633318622282125,0.38767019276888015,0.5270876501938551,0.46874031015461404,0.43562281770627653,0.4872081384756525
2020-11-01,,,,,,,,
2020-11-02,,,,,,,,
2020-11-03,,,,,,,,
2020-11-04,,,,,,,,
2020-11-05,,,,,,,,
2020-11-06,,,,,,,,
2020-11-07,,,,,,,,
2020-11-08,,,,,,,,
2020-11-09,,,,,,,,
2020-11-10,,,,,,,,
2020-11-11,,,,,,,,
2020-11-12,,,,,,,,
2020-11-13,,,,,,,,
2020-11-14,,,,,,,,
2020-11-15,,,,,,,,
2020-11-16,,,,,,,,
2020-11-17,,,,,,,,
2020-11-18,,,,,,,,
2020-11-19,,,,,,,,
2020-11-20,,,,,,,,
2020-11-21,,,,,,,,
2020-11-22,,,,,,,,
2020-11-23,,,,,,,,
2020-11-24,,,,,,,,
2020-11-25,,,,,,,,
2020-11-26,,,,,,,,
2020-11-27,,,,,,,,
2020-11-28,,,,,,,,
2020-11-29,,,,,,,,
2020-11-30,0.6436821251973583,0.4784065793485558,0.33504537052166716,0.31782297861786396,0.4402901440933877,0.3900713692745984,0.29802094414888913,0.30365830598149346
2020-12-01,,,,,,,,
2020-12-02,,,,,,,,
2020-12-03,,,,,,,,
2020-12-04,,,,,,,,
2020-12-05,,,,,,,,
2020-12-06,,,,,,,,
2020-12-07,,,,,,,,
2020-12-08,,,,,,,,
2020-12-09,,,,,,,,
2020-12-10,,,,,,,,
2020-12-11,,,,,,,,
2020-12-12,,,,,,,,
2020-12-13,,,,,,,,
2020-12-14,,,,,,,,
2020-12-15,,,,,,,,
2020-12-16,,,,,,,,
2020-12-17,,,,,,,,
2020-12-18,,,,,,,,
2020-12-19,,,,,,,,
2020-12-20,,,,,,,,
2020-12-21,,,,,,,,
2020-12-22,,,,,,,,
2020-12-23,,,,,,,,
2020-12-24,,,,,,,,
2020-12-25,,,,,,,,
2020-12-26,,,,,,,,
2020-12-27,,,,,,,,
2020-12-28,,,,,,,,
2020-12-29,,,,,,,,
2020-12-30,,,,,,,,
2020-12-31,0.4633983371799434,0.3481687456673928,0.29551174130305463,0.3720588379920134,0.36082489606608337,0.37832151226828026,0.43715649216143737,0.3279571488323752
2021-01-01,,,,,,,,
2021-01-02,,,,,,,,
2021-01-03,,,,,,,,
2021-01-04,,,,,,,,
2021-01-05,,,,,,,,
2021-01-06,,,,,,,,
2021-01-07,,,,,,,,
2021-01-08,,,,,,,,
2021-01-09,,,,,,,,
2021-01-10,,,,,,,,
2021-01-11,,,,,,,,
2021-01-12,,,,,,,,
2021-01-13,,,,,,,,
2021-01-14,,,,,,,,
2021-01-15,,,,,,,,
2021-01-16,,,,,,,,
2021-01-17,,,,,,,,
2021-01-18,,,,,,,,
2021-01-19,,,,,,,,
2021-01-20,,,,,,,,
2021-01-21,,,,,,,,
2021-01-22,,,,,,,,
2021-01-23,,,,,,,,
2021-01-24,,,,,,,,
2021-01-25,,,,,,,,
2021-01-26,,,,,,,,
2021-01-27,,,,,,,,
2021-01-28,,,,,,,,
2021-01-29,,,,,,,,
2021-01-30,,,,,,,,
2021-01-31,0.6383204104225983,0.6420826985724556,0.3881049105158433,0.44426096244966506,0.4752360038773054,0.48605974952616426,0.41379452871745753,0.47127514311312557
