AdminStrata,Bamako,Gao-Menaka,Kayes,Kidal,Koulikoro,Mopti,Segou,Sikasso,Tombouctou-Taoudeni
Indicator,rCSI,rCSI,rCSI,rCSI,rCSI,rCSI,rCSI,rCSI,rCSI
2019-10-20,18.00654783557656,,21.734513274336248,,18.130841121495305,25.80316165221828,14.561812729090278,18.7837351565311,30.09708737864078
2019-10-21,18.00654783557656,,21.734513274336248,,18.130841121495305,27.42222222222221,15.61910747957257,18.7837351565311,39.62920046349942
2019-10-22,18.00654783557656,,21.734513274336248,,18.130841121495305,28.34890965732084,15.875968992248035,18.7837351565311,43.55362946912243
2019-10-23,18.00654783557656,,21.734513274336248,,18.130841121495305,26.74007078254027,16.051364365971086,18.7837351565311,40.94319399785638
2019-10-24,18.00654783557656,,21.734513274336248,,18.130841121495305,26.89873417721516,16.051364365971086,18.7837351565311,40.42328042328043
2019-10-25,17.863336801942395,,22.21455674370468,,17.414155571128212,26.89873417721516,17.34633569739951,18.730912792670484,40.42328042328043
2019-10-26,16.946363935505072,53.086419753086425,20.5707118218877,,16.92202928157981,27.671913835956893,17.67291910902693,19.8898607061872,37.66081871345029
2019-10-27,16.946363935505072,,20.5707118218877,,16.92202928157981,27.066450567260908,17.835497835497804,19.8898607061872,40.50314465408805
2019-10-28,16.946363935505072,,20.5707118218877,,16.92202928157981,26.546906187624717,18.05595615806169,19.8898607061872,42.4802110817942
2019-10-29,16.946363935505072,,20.5707118218877,,16.92202928157981,28.14145974416852,18.48928974069895,19.8898607061872,44.93506493506493
2019-10-30,16.946363935505072,,20.5707118218877,,16.92202928157981,26.51542006380712,18.531367447239045,19.8898607061872,45.029940119760475
2019-10-31,16.946363935505072,,20.5707118218877,,16.92202928157981,26.002814919071035,17.252098228162858,19.8898607061872,45.029940119760475
2019-11-01,18.874560375146498,,20.24691358024688,,16.15141955835959,25.86629331466569,16.923076923076888,19.344870210135934,45.029940119760475
2019-11-02,18.874560375146498,,20.26330852890665,,15.69589209074184,25.758103868943838,17.21581548599667,18.336262448740435,43.68098159509202
2019-11-03,18.874560375146498,,20.26330852890665,,15.69589209074184,24.514149335151682,17.096081588835176,18.336262448740435,44.6533490011751
2019-11-04,18.874560375146498,,20.26330852890665,,15.69589209074184,25.419089976051964,17.588075880758776,18.336262448740435,42.64870931537597
2019-11-05,18.874560375146498,,20.26330852890665,,15.69589209074184,24.62787550744245,17.913331493237614,18.336262448740435,43.4108527131783
2019-11-06,18.874560375146498,,20.26330852890665,,15.69589209074184,25.604643663334365,18.553459119496825,18.336262448740435,47.440944881889784
2019-11-07,18.874560375146498,,20.26330852890665,,15.69589209074184,26.25313283208015,19.431137724550872,18.336262448740435,46.52509652509653
2019-11-08,18.655851680185357,,19.477303988995832,,14.566145092460847,24.84624846248457,19.059976931949226,17.827595409661015,47.0703125
2019-11-09,18.828680897646368,,19.07911472907653,,14.566145092460847,25.126262626262587,16.927016645326468,17.827595409661015,44.140625
2019-11-10,18.828680897646368,,18.698578908002954,,14.566145092460847,25.88617886178857,16.471467729877865,17.73294398725772,51.481888035126225
2019-11-11,18.828680897646368,,18.698578908002954,,14.566145092460847,24.11167512690351,16.70457417235276,17.73294398725772,49.21301154249737
2019-11-12,18.828680897646368,,18.698578908002954,,14.566145092460847,24.141104294478477,17.2629929485505,17.73294398725772,49.368421052631575
2019-11-13,18.828680897646368,,18.698578908002954,,14.566145092460847,23.88289676425265,17.86017548825357,17.73294398725772,48.004094165813726
2019-11-14,18.828680897646368,,18.698578908002954,,14.566145092460847,21.109399075500733,17.947231081472854,17.73294398725772,47.1356783919598
2019-11-15,19.177304964538962,,18.754688672168005,,14.560279557367467,21.406249999999954,18.48355663824601,17.73294398725772,47.1356783919598
2019-11-16,19.364508393285327,,19.069412662089967,,15.267175572519047,21.487867177522308,18.348623853210984,17.95292829775584,45.492227979274595
2019-11-17,19.364508393285327,,19.186492709132725,,15.323322096230429,21.907552083333293,19.587977034785528,17.830319888734312,47.20430107526882
2019-11-18,19.364508393285327,,19.747235387045773,,15.37988311288831,20.518437385907237,19.054598754122374,18.215402102870094,40.620957309185
2019-11-19,19.291678663979226,,19.425019425019386,,15.657311669128473,18.03143093465673,17.783601647323092,17.47070046334147,35.6241234221599
2019-11-20,19.55506728920621,,22.692307692307644,,15.043019705800686,18.370883882149037,16.555183946488278,17.217297878055287,37.853949329359175
2019-11-21,19.635962493105303,,22.692307692307644,,15.043019705800686,18.729372937293718,16.442217350454097,17.217297878055287,37.853949329359175
2019-11-22,20.43969102792628,,23.052188968587647,,15.49636803874089,17.361376673040144,14.02946828955796,17.808607021517517,37.3806275579809
2019-11-23,20.43969102792628,,24.20779220779216,,15.49636803874089,20.975096457383348,12.040133779264202,17.991990846681887,41.78154825026512
2019-11-24,20.43969102792628,,24.20779220779216,,15.49636803874089,20.353982300884926,11.53846153846153,17.991990846681887,42.45689655172415
2019-11-25,20.43969102792628,,24.20779220779216,,15.49636803874089,21.44048016005332,11.371973587674232,17.991990846681887,41.12734864300627
2019-11-26,20.23435267219201,,24.248599083036126,,15.545243619489524,18.72766261615437,9.681528662420373,17.280219780219742,39.112050739957716
2019-11-27,19.72062448644202,,23.879118157047266,,15.094339622641472,20.184899845916775,10.582323381613936,17.23768736616698,40.09111617312074
2019-11-28,19.72062448644202,,24.16829745596864,,15.094339622641472,21.654863958255667,11.482433590402724,17.23768736616698,41.81818181818183
2019-11-29,20.2412474257134,22.096774193548388,24.28711897738441,,15.158371040723946,21.58764367816089,11.315461346633404,17.53607103218642,41.27906976744187
2019-11-30,20.2412474257134,22.096774193548388,25.74518596676333,,14.211011996308795,22.69217858341722,9.993293091884633,17.729482413497244,40.101095197978104
2019-12-01,20.2412474257134,20.05856515373353,25.74518596676333,,14.316702819956589,22.45847176079731,9.591982820329267,17.729482413497244,37.887678122380564
2019-12-02,20.2412474257134,23.42215988779804,25.74518596676333,,14.316702819956589,21.282051282051253,9.404849375459213,17.729482413497244,36.30522088353415
2019-12-03,19.183337900794694,23.42215988779804,26.18986364805757,,13.218884120171635,22.23364165810205,10.216894977168938,16.44998673388163,35.68532035685321
2019-12-04,18.455048774057428,20.05856515373353,26.34357005758153,,13.061916878710734,20.063246661981704,10.275423728813543,16.920299200412654,32.321428571428584
2019-12-05,18.455048774057428,16.090225563909776,26.34357005758153,,13.061916878710734,21.1107024641412,10.275423728813543,16.920299200412654,31.61572052401747
2019-12-06,18.400447427293013,15.80502215657312,26.258096661684064,,11.492890995260634,21.418128654970733,10.523369717324362,17.166577396893373,30.756159728122352
2019-12-07,18.462401795735087,14.285714285714288,26.258096661684064,,11.296184130829772,20.57811424638676,11.895424836601295,17.29161046668461,32.42349048800662
2019-12-08,18.462401795735087,14.285714285714288,26.258096661684064,,11.296184130829772,19.290322580645128,10.685413005272398,17.29161046668461,30.277544154751894
2019-12-09,18.587570621468878,14.285714285714288,26.47357723577231,,11.399755501222467,20.89752176825182,10.685413005272398,17.346938775510168,33.41288782816229
2019-12-10,17.83197831978315,15.024630541871922,25.701048524750014,,11.249637576108988,21.877180739706887,10.043923865300137,16.962159301402448,33.497536945812804
2019-12-11,18.100499868455614,15.404040404040403,25.041577571869755,,11.038406827880484,21.540558963871828,10.588885816975381,17.10830975045018,33.42175066312998
2019-12-12,17.95875750456795,14.841849148418493,25.041577571869755,,10.975954738330948,22.31128924515696,10.588885816975381,17.10830975045018,33.42175066312998
2019-12-13,16.97590695098307,17.592592592592595,25.54978996787739,,11.428571428571393,21.717011128775816,10.588885816975381,15.992598466825235,33.07086614173229
2019-12-14,17.146853146853108,15.932914046121596,25.91935074816125,,11.641164116411607,21.471235460546968,10.588885816975381,16.282262493135605,36.40897755610974
2019-12-15,17.146853146853108,15.932914046121596,25.85103660097257,,10.963966738527848,21.12592592592589,10.588885816975381,16.72306824591085,35.52311435523116
2019-12-16,17.146853146853108,15.932914046121596,26.131953428201772,,10.319949811794206,20.851308599367236,10.588885816975381,16.356769320162662,34.70383275261325
2019-12-17,16.563091056471187,15.932914046121596,25.556680161943284,,10.277275467148856,19.85757326759788,10.910058541777527,15.647581989994409,34.70383275261325
2019-12-18,15.882650480526008,16.13588110403397,24.809629083763145,,9.86119144013878,19.584008643976194,12.09278081834765,14.769150052465866,34.70383275261325
2019-12-19,15.882650480526008,15.932914046121596,25.253717252773146,,9.86119144013878,19.0360796984383,11.672942442173193,14.769150052465866,33.993174061433464
2019-12-20,17.415889171614314,16.96252465483235,24.373095851886525,,9.421387458345931,23.6056040179751,12.329545454545435,15.323897659226972,34.06985032074127
2019-12-21,17.415889171614314,19.34826883910387,23.54399008674097,,9.838658652325194,20.521601685985207,12.329545454545435,15.903954802259856,29.70954356846473
2019-12-22,17.415889171614314,19.547325102880663,23.7025948103792,,9.838658652325194,21.407387435966527,12.329545454545435,15.903954802259856,31.527890056588532
2019-12-23,17.415889171614314,24.395373291272346,23.7025948103792,,9.838658652325194,20.26382262138643,12.329545454545435,15.903954802259856,31.655844155844164
2019-12-24,17.07639439598198,24.395373291272346,23.047064531780645,,9.862595419847308,21.349825221833786,12.776264002422021,15.779911757072382,31.967213114754106
2019-12-25,17.07639439598198,26.484018264840184,23.047064531780645,,9.862595419847308,21.31952017448197,12.026143790849655,15.779911757072382,31.60535117056857
2019-12-26,16.971885478462678,25.80261593341261,22.569524247299434,,11.088592935726664,20.090548953027692,12.746016869728189,15.718717683557365,28.366247755834827
2019-12-27,15.674603174603135,27.319587628865985,23.23402210475729,,10.881294964028747,20.903954802259847,12.190020914251544,15.40922420687814,33.38815789473685
2019-12-28,15.674603174603135,27.58620689655173,21.478696741854602,,11.411505815781176,20.330902972518192,12.117612117612095,14.967705700645867,34.400731930466605
2019-12-29,15.674603174603135,29.204693611473278,21.478696741854602,,11.411505815781176,21.4488636363636,12.117612117612095,14.967705700645867,35.49862763037512
2019-12-30,15.674603174603135,31.86951066499373,21.478696741854602,,11.411505815781176,22.76308384918397,12.117612117612095,14.967705700645867,38.76123876123877
2019-12-31,15.244385733157158,31.86951066499373,22.23019861210811,,10.380325993708867,22.76308384918397,11.560256894597645,14.67292155329682,38.76123876123877
2020-01-01,15.244385733157158,31.86951066499373,22.23019861210811,,10.380325993708867,23.531122745782383,11.621052631578946,14.67292155329682,38.01820020222448
2020-01-02,15.342537119041376,32.35668789808918,21.12323783537968,,10.596213619666546,23.13877307921377,11.39389193422082,14.56802634912589,39.83050847457627
2020-01-03,13.934426229508164,32.85899094437258,20.74976122254056,,8.3231707317073,23.99877713237537,10.268172194777684,12.111202862647927,40.69264069264069
2020-01-04,13.934426229508164,40.1006711409396,20.14006278676645,,8.423326133909269,24.735999999999947,10.435339308578726,12.111202862647927,39.58810068649886
2020-01-05,13.934426229508164,,20.14006278676645,,8.423326133909269,26.30697050938334,10.213032581453612,12.111202862647927,38.14773980154357
2020-01-06,14.199308755760336,,19.20119077152068,,8.582206853190806,25.230870712401014,10.213032581453612,12.273361227336107,35.88456712672522
2020-01-07,15.046604527296898,,18.941371943982876,,8.311461067366563,24.386197743861945,11.701734957548895,12.152420185375874,35.88456712672522
2020-01-08,14.763522341259437,,18.77125368397185,,8.234614273331388,24.930264993026466,12.452399086062437,13.407258064516098,36.02015113350127
2020-01-09,14.763522341259437,,18.77125368397185,,8.234614273331388,24.05559515324301,12.661977045538672,13.407258064516098,36.85567010309279
2020-01-10,13.96914446002802,,18.01435406698561,,6.9660861594866965,23.999999999999968,12.413793103448258,13.17585301837268,44.02810304449649
2020-01-11,13.96914446002802,,18.330849478390427,,6.722689075630237,26.07788595271206,12.149200710479555,11.638418079096027,37.00234192037471
2020-01-12,13.96914446002802,,18.330849478390427,,6.722689075630237,25.74744987689057,11.473851030110914,11.638418079096027,37.663885578069134
2020-01-13,13.96914446002802,,18.330849478390427,,6.722689075630237,25.33783783783781,13.900539245056894,11.638418079096027,37.26346433770015
2020-01-14,13.557182529664193,,18.116634799235143,,9.096278795038376,26.07788595271207,14.7738057576716,10.960361798350606,37.26346433770015
2020-01-15,14.466158245948488,,17.860508953817114,,9.23787528868358,27.01668984700971,13.838028169014072,10.768426555148963,43.21475625823452
2020-01-16,14.781100996965721,,17.137689351119114,,9.244154431756362,27.719665271966488,14.170748775367374,11.304347826086936,45.74616457461646
2020-01-17,15.1721113790835,,16.984091418328447,,9.08839013577166,21.820136151916863,13.581488933601591,11.377091377091356,49.93564993564994
2020-01-18,15.709421112372274,,19.339949226863567,,9.009009009008986,22.301886792452827,12.9889975550122,10.26694045174536,48.88888888888889
2020-01-19,15.709421112372274,,19.4552529182879,,8.711247758134746,24.812030075187952,14.730176211453704,10.14455997971086,46.22754491017965
2020-01-20,15.709421112372274,,19.20903954802256,,8.677896886166389,25.905858449034863,15.116279069767408,9.95272455834783,45.95238095238096
2020-01-21,15.709421112372274,,19.58166444147749,,8.43253968253966,25.78825091271157,17.017101205494775,9.893643334157783,45.95238095238096
2020-01-22,15.709421112372274,,19.48190965532002,,8.370260955194464,26.24390243902437,16.161879895561313,9.7632413961435,43.8918918918919
2020-01-23,15.709421112372274,,19.39011566771816,,8.155432957543754,26.255924170616087,14.278089137977016,11.002152595072927,52.20657276995306
2020-01-24,13.963293650793615,,19.724025974025935,,8.25711382113819,24.79674796747965,14.187218244497444,11.0372012811037,45.72004028197382
2020-01-25,13.963293650793615,,19.683354728284083,,8.346173600410866,25.22051617118587,14.179867143587089,11.543416645194519,42.63261296660119
2020-01-26,13.963293650793615,,19.683354728284083,,8.346173600410866,24.240444299248594,13.909774436090192,11.816080143847909,40.73359073359074
2020-01-27,13.963293650793615,,19.683354728284083,,8.282364933741059,24.12342215988779,13.590844062947035,11.770726714431913,43.33333333333334
2020-01-28,13.963293650793615,23.10756972111553,19.683354728284083,,8.282364933741059,23.922114047287888,13.383423338811898,11.770726714431913,42.240663900414944
2020-01-29,13.963293650793615,26.615969581749052,19.683354728284083,,8.282364933741059,24.747474747474733,13.391624482282527,13.104838709677393,45.37509104151495
2020-01-30,13.963293650793615,25.089605734767023,19.683354728284083,,8.282364933741059,23.552502453385657,13.424530489218608,13.331672065786169,46.76753782668503
2020-01-31,14.103206412825621,27.24252491694353,20.50605060506048,,9.514875368533882,24.327784891165162,14.592787198471427,13.396739130434758,44.766293614219904
2020-02-01,13.693931398416858,25.842696629213492,20.946104965874287,,9.464142895227916,24.746192893401,14.820249449743178,13.396739130434758,43.561819346572726
2020-02-02,13.693931398416858,28.2608695652174,21.28677349916284,,9.464142895227916,25.285171102661586,14.970355731225267,13.469945355191236,46.95431472081221
2020-02-03,13.693931398416858,28.2608695652174,21.28677349916284,,9.464142895227916,25.213394615889676,15.388397246804292,13.469945355191236,43.5806831566549
2020-02-04,13.693931398416858,27.80748663101605,21.28677349916284,,9.464142895227916,25.341130604288484,14.859137372226346,13.469945355191236,43.97660818713453
2020-02-05,13.693931398416858,26.94300518134716,21.21067683508099,,9.464142895227916,26.2417994376757,14.64158617183525,13.469945355191236,42.775881683731534
2020-02-06,13.693931398416858,25.458996328029386,21.21067683508099,,9.464142895227916,28.00375469336669,14.745239320638158,13.425925925925903,42.89487585842581
2020-02-07,13.693931398416858,26.24035281146638,21.21067683508099,,9.464142895227916,28.70662460567821,14.953027139874706,13.425925925925903,37.90026246719162
2020-02-08,13.693931398416858,26.880641925777336,21.21067683508099,,9.464142895227916,27.660266840221247,15.190880169671226,13.425925925925903,41.08606557377051
2020-02-09,13.693931398416858,28.062827225130896,21.21067683508099,,9.464142895227916,28.777472527472504,16.113053613053573,13.425925925925903,38.87542413960253
2020-02-10,13.693931398416858,27.147401908801704,21.21067683508099,,10.889530307006009,30.18034596981964,13.817401960784288,13.425925925925903,38.68789194404246
2020-02-11,13.02974466964988,28.19383259911895,21.533994676990037,,10.69216267169402,31.31351147911177,13.954207920792054,14.552031163049502,38.68789194404246
2020-02-12,12.953238309577365,28.19383259911895,17.23625557206535,,10.691474590391534,31.880403458213237,14.439461883408045,15.78112609040441,35.73176700930007
2020-02-13,14.186400173799665,27.826086956521753,19.031954887218014,,13.934627672646803,32.06945428773917,15.272402500744246,15.462392108507984,35.385361124575866
2020-02-14,14.186400173799665,28.616684266103498,19.9591744159673,,13.99952301454802,34.42015561319005,18.864370290635048,15.601325757575724,33.449825262106856
2020-02-15,14.186400173799665,27.43169398907105,19.90831696136211,,14.579995422293393,35.382363702890565,20.999198503873853,15.323854660347529,33.455305802404624
2020-02-16,14.186400173799665,28.044692737430182,20.012995451591905,,14.75990263332592,32.66717909300536,19.341917024320413,15.323854660347529,33.666491320357736
2020-02-17,14.186400173799665,28.6857142857143,19.97931747673212,,14.607971966710437,31.24525436598327,18.985976267529626,15.01216007074948,35.61935140882511
2020-02-18,14.161073825503328,28.084606345475922,20.016406890894142,,14.462438146648635,29.54366640440596,18.38816628411116,15.316941123392713,35.3935552033809
2020-02-19,14.381658175081027,26.76371780515119,20.51282051282048,,14.805434031775238,29.74559686888452,19.127272727272686,15.31012220428865,35.951327433628336
2020-02-20,14.381658175081027,28.94482090997097,20.008166598611645,,14.805434031775238,33.89301054275671,19.651307596513035,15.698875372963018,32.043879907621275
2020-02-21,14.381658175081027,25.708502024291512,20.008166598611645,,14.805434031775238,37.794392523364465,20.456313196785022,15.698875372963018,34.830805134189056
2020-02-22,14.381658175081027,22.83018867924529,20.008166598611645,,14.805434031775238,39.20390536988357,20.938337801608533,15.698875372963018,35.55681175805542
2020-02-23,14.381658175081027,25.587958607714015,20.008166598611645,,14.805434031775238,39.83402489626553,21.23436650353449,15.698875372963018,36.586638830897726
2020-02-24,14.381658175081027,29.246139872842875,20.008166598611645,,14.805434031775238,40.61210453920216,22.46683601467678,15.698875372963018,34.42802408319652
2020-02-25,14.970501474926223,30.484581497797365,19.53352769679297,,15.438175270108008,40.500685871056206,24.626006904487877,16.744186046511594,34.10435718128028
2020-02-26,15.519877675840952,31.74740484429067,18.978102189780987,,15.595440213436778,39.4839973873285,24.09363402797598,16.293688710082947,29.788418708240552
2020-02-27,15.519877675840952,34.40207972270365,18.978102189780987,,15.550181378476381,40.90909090909086,23.82588774341348,16.293688710082947,27.439724454649838
2020-02-28,15.519877675840952,33.00884955752213,18.978102189780987,,15.550181378476381,41.00512163892441,24.27471876850203,16.293688710082947,27.73061686474252
2020-02-29,15.519877675840952,33.30357142857143,18.978102189780987,,15.550181378476381,39.01608910891084,25.42530157748217,16.293688710082947,29.208709506107287
2020-03-01,15.519877675840952,30.90753424657534,18.978102189780987,,15.550181378476381,38.98726312519412,25.72486119679207,16.293688710082947,26.74357629785004
2020-03-02,15.519877675840952,30.153597413096207,18.978102189780987,,15.505184470701678,38.074074074074026,24.06148389003839,16.293688710082947,26.12704918032789
2020-03-03,16.13672496025434,29.673826571201282,19.475138121546927,,15.818639798488627,37.651582372079226,24.24420311124152,16.631799163179885,27.000964320154303
2020-03-04,15.80671580671578,30.62848050914877,19.97167138810195,,16.086065573770455,38.77366997294857,23.281661304474948,16.46932185145315,26.807084729535674
2020-03-05,15.937241948802614,33.497133497133504,19.97167138810195,,16.168898043254334,37.624962132687024,22.95081967213111,16.46932185145315,24.108003857280632
2020-03-06,15.937241948802614,33.029801324503325,19.97167138810195,,16.168898043254334,37.82367447595557,22.95081967213111,16.46932185145315,24.224806201550397
2020-03-07,15.937241948802614,32.142857142857146,19.97167138810195,,16.168898043254334,37.656012176560075,23.43794989922253,16.46932185145315,21.23643227937708
2020-03-08,15.937241948802614,30.245901639344268,19.97167138810195,,16.168898043254334,37.541328524195926,23.43794989922253,16.46932185145315,23.11854402361044
2020-03-09,15.937241948802614,29.338235294117656,19.97167138810195,,16.168898043254334,37.31523378582197,23.539618276460338,16.46932185145315,24.73168455436305
2020-03-10,17.25379274877857,29.338235294117656,20.638297872340384,,16.225082008579328,38.11955542204861,22.146892655367193,16.14775725593665,24.73168455436305
2020-03-11,18.61741951584723,29.338235294117656,20.359141791044745,,16.342315369261446,38.316621087815186,21.1652124964818,17.647058823529374,25.047258979206056
2020-03-12,18.61741951584723,29.59940652818992,20.86428089128963,,16.32792875085633,36.90947881743367,19.97233748271088,17.25490196078428,25.28625954198473
2020-03-13,18.61741951584723,28.74251497005989,21.63050624589082,,15.988372093023221,36.399877338239754,16.564237635352615,17.00308715269529,25.047258979206056
2020-03-14,18.61741951584723,28.74251497005989,21.69381107491853,,15.865178188063517,36.38378720709305,14.401749453295816,16.85895926536375,25.431637890807284
2020-03-15,18.61741951584723,29.13505311077391,21.48849214884918,,15.82441113490361,36.88603531300157,14.92392359987048,16.670547147846307,24.908592321755037
2020-03-16,18.61741951584723,29.37685459940654,21.48849214884918,,15.82441113490361,37.730690362269286,16.747337850919628,16.670547147846307,23.07347670250896
2020-03-17,19.0374900292475,29.117647058823533,22.028665931642745,,15.956979806848082,38.68284228769494,15.563380281690122,16.85082872928173,22.579263067694946
2020-03-18,19.0374900292475,31.323529411764717,22.028665931642745,,15.956979806848082,39.73684210526312,14.395688991531935,16.85082872928173,22.579263067694946
2020-03-19,19.198254704117765,30.00000000000001,22.4570366929865,,15.238748000913837,35.58201058201054,16.03945926196564,16.914544996218766,21.071428571428573
2020-03-20,19.198254704117765,30.00000000000001,22.4570366929865,,15.238748000913837,33.82507903055844,16.875211362867745,16.914544996218766,19.20069504778455
2020-03-21,19.198254704117765,31.33561643835617,22.4570366929865,,15.238748000913837,31.96638655462182,17.74039987305614,16.914544996218766,24.041533546325887
2020-03-22,19.198254704117765,29.5254833040422,22.4570366929865,,15.238748000913837,31.103014243126825,17.46329272102465,16.914544996218766,22.923875432525953
2020-03-23,19.198254704117765,25.812274368231048,22.4570366929865,,15.238748000913837,29.08842608398768,15.715983363042154,16.914544996218766,23.613445378151265
2020-03-24,20.151426907396587,27.01030927835053,21.739130434782577,,16.424525978822913,30.242751180040425,13.777908343125707,17.366567325927893,24.151267726686722
2020-03-25,20.0115673799884,22.63610315186248,21.739130434782577,,16.424525978822913,29.811056682995076,13.813900057438225,17.366567325927893,24.61746174617461
2020-03-26,19.715859669469374,19.77077363896849,22.9604925602873,,16.297586464294568,30.207966161438108,14.371078577830865,17.564925998324462,24.92027334851936
2020-03-27,19.53461648951448,20.844811753902675,22.9604925602873,,16.297586464294568,28.40508115737471,13.905930470347617,17.564925998324462,25.37950664136623
2020-03-28,19.53461648951448,21.878121878121885,22.9604925602873,,16.297586464294568,30.45667026249548,12.711136558831926,17.564925998324462,27.05938697318008
2020-03-29,19.40085592011409,21.584984358706993,22.9604925602873,,16.297586464294568,29.711191335740036,12.453156529259125,17.564925998324462,25.126786537574922
2020-03-30,19.268914706715744,22.51308900523561,22.9604925602873,,16.297586464294568,30.49512378094521,12.918660287081318,17.564925998324462,27.76400594942985
2020-03-31,18.730745532963613,22.16494845360825,23.439181916038713,,17.05118005833993,30.11111111111108,12.597480503899195,18.19012797074952,24.49581898671914
2020-04-01,20.560172360726334,20.484359233097887,23.905628197839647,,17.197111527146266,30.279329608938518,13.546056592414182,16.791744840525304,28.3284742468416
2020-04-02,20.40941032691716,21.987120515179395,23.905628197839647,,17.197111527146266,30.536130536130518,13.644633110976324,16.791744840525304,30.26998961578401
2020-04-03,21.03676913803492,26.89463955637709,23.905628197839647,,17.197111527146266,31.613854089904184,13.644633110976324,16.791744840525304,31.78844056706653
2020-04-04,21.24476361460199,30.81650570676032,23.905628197839647,,17.197111527146266,32.672540381791464,13.757260776520916,16.791744840525304,32.838479809976256
2020-04-05,21.24476361460199,31.60136286201023,23.905628197839647,,17.197111527146266,32.13762811127377,13.706975327444384,16.791744840525304,32.18599033816426
2020-04-06,21.806298276886462,35.20220588235294,23.905628197839647,,17.197111527146266,33.30919623461257,13.62397820163485,16.791744840525304,32.65440210249673
2020-04-07,24.09090909090905,35.20220588235294,24.089068825910893,,16.754339821146733,31.982942430703588,15.196942974720724,17.911877394635997,32.65440210249673
2020-04-08,25.017158544955354,33.89380530973451,23.73895696779705,,17.816238228556852,30.23758099352049,16.753774680603918,19.072642967542482,32.9794293297943
2020-04-09,26.4322402212564,37.22689075630253,26.906349666569966,,18.136743215031274,32.341051084160206,17.512983266012665,18.932322053675577,32.9794293297943
2020-04-10,26.08163265306121,37.70212765957447,28.312733544121823,,18.81319850984562,32.77918323093601,19.913043478260835,17.926440776136662,33.42299932750505
2020-04-11,25.954508529650674,36.89243027888447,26.83919744111657,,19.701086956521696,31.2005503955968,19.492219492219448,17.848629320619754,32.56756756756758
2020-04-12,26.402906742026623,38.169826875515255,26.676427525622216,,20.30243629235504,31.319060773480626,18.873909595559038,18.102145663342363,33.588850174216034
2020-04-13,26.02467170712293,38.02698145025296,26.865231495134143,,20.388076490438646,31.28665056916174,17.230769230769198,18.442118226600954,38.14215341308938
2020-04-14,26.359014470082087,41.41004862236629,26.936723832052003,,20.990156340474766,30.83100558659213,17.61006289308173,18.44211822660095,41.446872645064076
2020-04-15,26.4683447749809,38.41853035143771,27.997546764796034,,21.174065420560694,27.87249814677536,19.039039039039,18.683718028696155,40.53058216654385
2020-04-16,27.00702922678501,38.41853035143771,28.3600881334592,,21.857099788965893,29.40955246333205,17.915617128463442,17.26457399103136,39.65392934390773
2020-04-17,26.401446654611174,37.671786580436546,28.81815103284791,,21.70008979347496,28.827425009738963,17.114996637525188,17.41518578352178,41.35280553420447
2020-04-18,26.80412371134016,38.67219917012449,28.81815103284791,,21.63533273649652,28.368794326241122,16.904761904761884,17.41518578352178,35.05572441742655
2020-04-19,26.57737046175533,39.3987341772152,28.81815103284791,,21.63533273649652,29.27249246663796,17.10843373493974,17.093739863769027,35.05572441742655
2020-04-20,26.968232044198853,41.53605015673982,28.81815103284791,,21.830773863294144,31.89459336665153,19.108049311094977,17.177314211212487,34.829059829059844
2020-04-21,27.04638472032737,38.970588235294116,28.81815103284791,,21.830773863294144,30.10801080108011,19.72305389221555,17.177314211212487,34.304932735426014
2020-04-22,27.04638472032737,40.220820189274455,28.81815103284791,,21.830773863294144,31.708449396471693,20.76612903225805,15.525265957446784,34.881320949432414
2020-04-23,27.122641509433894,40.41204437400953,28.81815103284791,,21.830773863294144,32.93023255813954,20.56709265175717,15.254809314883545,34.881320949432414
2020-04-24,27.4140211640211,39.83739837398375,28.527711662699733,,21.312480834099926,33.908329226219834,20.93802345058625,15.254809314883545,39.25049309664696
2020-04-25,27.4140211640211,39.244663382594425,28.527711662699733,,21.443998765812978,34.0839303991812,22.021505376344074,15.254809314883545,35.15981735159818
2020-04-26,27.4140211640211,39.244663382594425,28.64458859679068,,21.443998765812978,34.94228751311652,22.135754431474265,15.254809314883545,43.31926863572433
2020-04-27,27.4140211640211,39.72246313963575,28.64458859679068,,21.443998765812978,34.843581445523235,22.485726833552913,15.254809314883545,43.31926863572433
2020-04-28,27.4140211640211,40.9660107334526,28.64458859679068,,21.443998765812978,37.88955713504653,23.950508174988947,15.254809314883545,57.19120135363789
2020-04-29,27.4140211640211,42.09558823529413,28.79203843514066,,21.443998765812978,35.6009070294785,23.46618898343036,15.254809314883545,
2020-04-30,27.4140211640211,40.488301119023404,28.79203843514066,,21.443998765812978,34.73451327433632,25.336225596529275,15.31684174855979,51.623376623376615
2020-05-01,27.4140211640211,34.86631016042781,28.79203843514066,,21.443998765812978,35.78517221249274,25.336225596529275,15.31684174855979,55.917159763313606
2020-05-02,27.4140211640211,31.3679245283019,28.79203843514066,,21.443998765812978,35.25872442839956,24.351648351648343,15.31684174855979,50.91383812010443
2020-05-03,27.4140211640211,35.19163763066204,28.79203843514066,,21.443998765812978,35.75350823672976,24.48077772867873,15.31684174855979,50.28901734104048
2020-05-04,27.4140211640211,40.22900763358781,28.79203843514066,36.11584327086885,19.96227601383209,36.451418225709155,24.699063753901022,15.31684174855979,59.551960174237735
2020-05-05,27.541528239202595,46.400523560209464,27.169689119170947,41.27465857359637,20.67191283292974,37.92440743113393,24.35653002859868,13.987404706662225,66.45097063215529
2020-05-06,29.18696140876729,51.12053301029681,29.81917434322753,43.29268292682928,21.469436916591345,39.808917197452274,25.96858638743457,12.049861495844858,68.35599505562419
2020-05-07,31.00625902744345,48.816936488169404,28.705373241976165,43.29268292682928,18.127490039840602,43.56687898089177,27.050516023900084,13.488034807831747,68.35599505562419
2020-05-08,31.56899810964085,49.755501222493905,27.384044526901626,44.65408805031446,17.564479268690786,45.00965872504834,26.994219653179226,14.43560057887118,68.35599505562419
2020-05-09,32.40740740740742,51.02827763496147,29.29331306990879,41.91419141914192,16.76399862590172,53.275401069518786,28.02547770700639,15.820241139934218,70.0440528634361
2020-05-10,32.40740740740742,50.25316455696206,29.102760736196284,41.91419141914192,16.58819268381019,52.886529528865346,27.77777777777781,15.820241139934218,70.0440528634361
2020-05-11,31.97158081705151,50.73482428115019,30.67080263668086,41.91419141914192,16.510454217736097,54.69361147327254,27.647058823529445,16.487587995553895,69.30652441526465
2020-05-12,32.1879077859939,47.30500951173118,31.62557781201847,41.91419141914192,16.53429602888084,54.83247422680418,30.82352941176473,17.19984945427172,70.06802721088434
2020-05-13,31.210459721636425,49.18883841661262,30.746043707611125,43.76996805111821,16.53429602888084,57.13359273670564,32.896983494593094,17.122517796927678,71.90146266358734
2020-05-14,31.398747390396643,50.15913430935713,31.81454836131093,42.671009771986974,16.53429602888084,58.08873720136522,32.50843644544435,16.496791241978087,72.86821705426354
2020-05-15,30.819672131147513,52.34327449786978,31.81454836131093,41.85303514376997,16.53429602888084,57.15245130960381,32.61851015801358,16.496791241978087,72.7272727272727
2020-05-16,31.15823817292005,51.963746223564975,31.81454836131093,42.88052373158757,16.53429602888084,56.19987661937081,32.069795427196176,16.496791241978087,71.64634146341459
2020-05-17,30.85621970920838,51.879699248120346,31.81454836131093,42.88052373158757,16.53429602888084,56.40866873065021,32.36187006678813,16.496791241978087,72.05825986968182
2020-05-18,30.559999999999967,52.47695852534565,31.81454836131093,36.66061705989111,16.53429602888084,53.735990037359954,32.243589743589766,16.496791241978087,72.17421361908049
2020-05-19,30.0550747442958,54.643261608154056,31.81454836131093,38.339222614841,17.089552238805943,55.464824120603076,32.243589743589766,16.496791241978087,71.59277504105084
2020-05-20,30.36405886909369,56.90698954320313,31.81454836131093,45.32374100719424,17.089552238805943,50.81768625075716,31.997455470737943,16.496791241978087,71.41000649772573
2020-05-21,30.404889228418607,57.971772085729256,31.81454836131093,47.90874524714828,17.166416791604174,48.35377663008397,31.997455470737943,16.496791241978087,71.41119221411186
2020-05-22,30.582891748675213,58.56929955290615,31.81454836131093,,17.166416791604174,48.447606727037574,31.997455470737943,16.496791241978087,70.87980173482026
2020-05-23,30.582891748675213,58.56929955290615,31.81454836131093,,17.166416791604174,48.15059445178341,32.34519104084325,16.496791241978087,71.14427860696512
2020-05-24,30.582891748675213,59.45537065052953,31.81454836131093,,17.166416791604174,48.53528628495345,32.34519104084325,16.496791241978087,71.14427860696512
2020-05-25,29.77155490051581,60.257589696412154,31.81454836131093,,17.243975903614434,48.15059445178341,32.34519104084325,16.496791241978087,70.27737226277368
2020-05-26,30.110202630643396,60.257589696412154,31.81454836131093,,17.243975903614434,46.28154050464811,30.733333333333373,16.496791241978087,70.01472754050069
2020-05-27,30.110202630643396,62.4834290764472,31.81454836131093,,17.243975903614434,46.040868454661606,30.249343832021037,16.496791241978087,70.3084462381089
2020-05-28,30.110202630643396,63.86481802426343,31.81454836131093,,17.243975903614434,49.57212713936435,27.058029689608674,16.496791241978087,71.64571762642495
2020-05-29,30.110202630643396,64.99567847882454,31.81454836131093,,17.243975903614434,46.03174603174608,30.571612074502287,16.496791241978087,71.49884259259251
2020-05-30,30.110202630643396,64.03178586365537,31.81454836131093,,17.243975903614434,45.0731087094724,31.452124286620197,16.496791241978087,73.29210836277969
2020-05-31,30.110202630643396,64.7109952194698,31.81454836131093,,17.243975903614434,43.205362583790425,31.21460037759601,16.496791241978087,75.73907455012845
2020-06-01,30.110202630643396,68.02002224694108,31.81454836131093,,17.243975903614434,42.505995203836974,30.63619518221128,16.496791241978087,76.18302698474774
2020-06-02,31.29890453834113,66.52173913043482,31.140350877192958,,20.361663652802857,41.29438717067588,30.306825297432717,17.9850452577725,71.33507853403141
2020-06-03,33.164128595600666,64.77508650519033,34.85329103885802,,21.62062615101285,43.168433451119,28.864168618267012,21.437222446507853,69.95731056563504
2020-06-04,32.29085222830335,65.45454545454548,34.957627118644055,,22.198820556023573,42.35988200589975,29.638273045507606,21.615106468461214,69.51219512195128
2020-06-05,32.445796880943305,64.71428571428575,33.52793994995831,,23.64894076956332,42.648709315376024,25.67251461988307,23.134920634920626,69.51219512195128
2020-06-06,32.298371828852694,64.02826855123678,33.90112172829248,,24.73416551086455,42.40437158469949,33.56321839080462,23.724082934609232,69.70495258166494
2020-06-07,32.152280437240826,64.20978029766125,33.8168255283879,,24.73416551086455,42.10526315789478,34.356390288593694,24.06957928802587,69.70495258166494
2020-06-08,32.31228987672765,64.20978029766125,34.14432989690722,,25.423728813559322,41.74972314507203,37.997376475732395,24.980015987210212,69.64839710444677
2020-06-09,32.25806451612899,67.42313323572478,34.14432989690722,,25.423728813559322,39.956919763058735,35.49651567944249,24.980015987210212,68.80977683315625
2020-06-10,32.41279069767437,66.98599852616067,33.9344262295082,,25.423728813559322,38.807531380753176,31.642917015926226,25.42709574890741,66.41011544804842
2020-06-11,32.7062228654124,67.27538349159973,33.9344262295082,,25.423728813559322,39.920556107249276,32.896959459459445,25.42709574890741,65.10615133369627
2020-06-12,32.64433357091941,65.24024024024027,33.9344262295082,,25.423728813559322,40.56872037914693,34.46398659966497,25.42709574890741,67.86850477200429
2020-06-13,33.00248138957812,67.31884057971017,33.9344262295082,,25.423728813559322,40.433925049309686,36.56276326874472,25.42709574890741,69.30157011369792
2020-06-14,33.00248138957812,66.73850574712647,33.9344262295082,,25.423728813559322,40.91816367265472,36.28762541806019,25.42709574890741,69.30157011369792
2020-06-15,33.70747106278495,65.64516129032262,33.9344262295082,,25.423728813559322,39.52241715399613,36.49635036496349,25.42709574890741,67.63406940063095
2020-06-16,33.427263120817145,67.63698630136987,33.9344262295082,,25.423728813559322,37.612505921364324,35.589941972920656,25.42709574890741,63.512637718729785
2020-06-17,33.474426807760096,64.92471213463243,33.9344262295082,,25.423728813559322,40.170535291331156,35.589941972920656,25.42709574890741,62.789160608063476
2020-06-18,33.72423596304189,65.88921282798835,33.9344262295082,,25.423728813559322,41.423357664233606,34.74320241691839,25.42709574890741,59.12786400591282
2020-06-19,33.965640658554,66.63168940188878,33.9344262295082,,25.423728813559322,41.495992876224406,33.9483394833948,25.42709574890741,58.657243816254464
2020-06-20,34.248039914468954,60.88207094918505,33.9344262295082,,25.423728813559322,41.44420131291029,34.52034883720926,25.42709574890741,54.71324983520109
2020-06-21,34.54349388928824,60.18957345971565,33.9344262295082,,25.423728813559322,41.985388912763206,34.07460545193682,25.42709574890741,55.16356638871075
2020-06-22,34.029745042492884,55.6291390728477,33.9344262295082,,25.423728813559322,40.55577929923479,34.88533703961079,25.42709574890741,55.863539445629044
2020-06-23,34.029745042492884,60.12269938650311,33.9344262295082,,25.423728813559322,40.215654952076655,35.50335570469793,25.42709574890741,55.767963085036286
2020-06-24,32.77555474718076,56.37583892617454,33.9344262295082,,25.423728813559322,40.02442996742671,35.4676500167616,25.42709574890741,51.70299727520438
2020-06-25,33.0642201834862,55.00000000000002,33.9344262295082,60.63829787234044,25.423728813559322,38.52253756260434,35.682967959527765,25.42709574890741,47.15943799633478
2020-06-26,32.499999999999964,56.763925729442995,33.9344262295082,55.73770491803279,25.423728813559322,39.49507916131793,34.01384083044977,25.42709574890741,47.42798353909467
2020-06-27,32.34186746987948,51.24201561391061,33.9344262295082,53.405405405405425,25.423728813559322,39.24319727891157,33.554006968641055,25.42709574890741,46.16600790513832
2020-06-28,32.34186746987948,50.97926267281111,33.9344262295082,48.73000940733776,25.423728813559322,41.40657511444027,33.694891532540176,25.42709574890741,44.981132075471656
2020-06-29,31.724924012158016,49.057492931197004,33.9344262295082,48.73000940733776,25.423728813559322,40.11154011154011,34.05233380480901,25.42709574890741,43.923076923076884
2020-06-30,32.17324052590871,44.78984238178636,32.5358851674641,48.73000940733776,23.330152671755748,40.535792709705746,33.88773388773382,25.779967159277486,42.68727705112959
2020-07-01,30.214424951267024,46.55751469353484,35.16483516483516,48.73000940733776,24.40677966101697,38.79928315412185,33.01985370950882,25.975103734439827,42.68727705112959
2020-07-02,29.89969135802465,45.280062671367,32.366348943224175,48.73000940733776,23.833485818847226,35.95402298850574,32.949790794979016,25.668449197860962,43.46330275229356
2020-07-03,28.87481371087925,46.94485842026822,29.772629772629767,48.73000940733776,25.096857511838145,35.32265890344493,34.96376811594196,27.247956403269768,42.77652370203158
2020-07-04,29.321907600596088,45.592810231593425,29.72043010752687,48.73000940733776,27.01630674305861,31.73126614987083,30.91231178033657,28.3678756476684,40.98053892215566
2020-07-05,29.242819843341998,45.3898305084745,30.57675996607293,48.73000940733776,27.256558470431305,32.332806740389714,31.4179796107507,28.07692307692308,42.21326493220957
2020-07-06,29.69041402461764,45.3898305084745,30.682293846797805,48.73000940733776,26.85497470489038,31.84445612191281,28.203781512605076,28.24716267339217,41.88637207575192
2020-07-07,29.427083333333286,45.99396580623527,30.5671392827356,48.73000940733776,27.01915070774353,35.97497393117835,32.06229860365203,27.1954674220963,41.23169357867064
2020-07-08,29.393823865802478,46.22641509433954,29.931682322801016,48.73000940733776,27.01915070774353,36.48424543946936,34.55971049457182,27.328182187881236,41.124374278013065
2020-07-09,30.01154290111579,46.492607738282395,29.931682322801016,47.241045498547926,27.01915070774353,33.50140056022413,34.257075471698165,27.328182187881236,42.93764087152515
2020-07-10,30.5673485140872,47.56498356737367,29.931682322801016,42.916321458160745,27.291841883936076,31.21783876500861,29.80871413390016,27.1954674220963,41.259783824077495
2020-07-11,30.05870841487276,47.55403868031844,29.59054453355845,42.916321458160745,27.67590618336887,30.689277899343576,26.98892245720043,26.86925229908035,42.544659132336825
2020-07-12,30.672434132913857,47.33056708160432,29.59054453355845,42.4938474159147,27.67590618336887,30.733229329173213,26.9817823732152,26.86925229908035,44.61751471097261
2020-07-13,30.168269230769205,48.29560949004625,28.979099678456567,42.44771494965145,27.535002121340685,30.157068062827268,24.409448818897662,26.740947075208894,47.23618090452256
2020-07-14,29.879032258064488,50.557139155221435,28.979099678456567,40.11713030746707,27.535002121340685,32.94180459156437,25.8534365043241,26.740947075208894,49.4829207145095
2020-07-15,29.73515248796145,50.79905685092993,28.979099678456567,38.755304101838774,27.535002121340685,32.86674132138862,25.712992304210072,26.740947075208894,52.37526142814456
2020-07-16,30.07188498402552,50.34102833158435,28.29670329670328,38.42917251051895,27.535002121340685,31.76538908246229,26.17511520737328,26.740947075208894,52.85630153121314
2020-07-17,29.6341463414634,50.34592868547089,28.29670329670328,40.879689521345426,27.535002121340685,30.109383995394396,26.394052044609666,26.740947075208894,53.10818888224741
2020-07-18,29.322429906542023,53.17690482467693,28.29670329670328,40.92906465787824,27.535002121340685,29.500580720092955,25.210871602624177,26.740947075208894,54.73427000610867
2020-07-19,29.27927927927925,53.712936237207956,28.29670329670328,39.82895540623094,27.535002121340685,29.294117647058865,25.401322001888577,26.740947075208894,55.00445500445497
2020-07-20,29.27927927927925,54.882154882154786,29.676674364896048,40.546967895362684,27.535002121340685,30.848329048843237,22.91666666666668,26.740947075208894,55.13937282229959
2020-07-21,29.27927927927925,53.708102401689004,29.676674364896048,40.546967895362684,27.535002121340685,31.680618158403128,20.7511737089202,26.740947075208894,54.87696412688997
2020-07-22,29.27927927927925,52.1319796954314,29.676674364896048,40.546967895362684,27.535002121340685,34.429280397022374,20.898345153664312,26.740947075208894,54.85884101040114
2020-07-23,29.27927927927925,51.65180912427889,29.676674364896048,40.546967895362684,27.535002121340685,34.53738910012678,20.32183908045978,26.740947075208894,56.13440197287295
2020-07-24,29.27927927927925,50.53971768613334,29.676674364896048,40.546967895362684,27.535002121340685,35.119047619047656,19.74977658623771,26.740947075208894,56.212810640532
2020-07-25,29.27927927927925,52.762430939226476,29.676674364896048,40.546967895362684,27.535002121340685,38.111686816350065,20.45947117468574,26.740947075208894,56.69028761984161
2020-07-26,29.27927927927925,53.395703395703386,29.676674364896048,42.54522769806616,27.535002121340685,37.08359522313014,19.840269020596885,26.740947075208894,57.86054569077524
2020-07-27,29.27927927927925,55.39999999999999,29.676674364896048,41.11037673496369,27.535002121340685,37.32264034546578,19.715956558061823,26.740947075208894,56.75446049277825
2020-07-28,31.354642313546385,59.48873483535529,31.49509803921568,39.00069396252604,27.352297592997807,37.13212273011899,19.31423611111111,28.680919725695844,58.23888404533568
2020-07-29,31.74423004161933,58.235294117647065,30.65389421074552,38.896746817538926,27.61430511543685,36.38036809815953,19.63963963963964,29.77759472817133,58.23888404533568
2020-07-30,32.05273069679845,60.8141245708681,30.194256756756744,38.896746817538926,31.147540983606557,37.577255871446255,18.009478672985793,27.886977886977878,58.29145728643218
2020-07-31,31.61314984709476,59.53878406708597,30.658525948539033,38.896746817538926,33.25086590796638,36.67512690355333,16.94255111976632,27.437141596823988,59.4317652538426
2020-08-01,30.909797822706032,63.95486935866986,29.212454212454208,38.896746817538926,33.65047571357039,36.945169712793756,16.726897263810027,27.21609966459033,59.87198424421469
2020-08-02,31.808035714285673,65.77473553204733,29.358626919602536,38.896746817538926,33.89513108614234,41.82926829268296,18.275684047496146,26.90667929891048,59.33133732534934
2020-08-03,32.582688247712824,65.28721432983326,27.66570605187321,38.896746817538926,35.963302752293586,41.24847001223993,17.128205128205146,27.90484903934127,59.33133732534934
2020-08-04,31.328401415245995,62.27357901311686,26.50073206442169,38.896746817538926,36.04597701149427,39.76221928665789,14.711934156378614,26.320422535211282,59.33133732534934
2020-08-05,32.0711228185709,62.27357901311686,26.952526799387464,38.0200860832138,35.55555555555557,38.95939086294419,14.599285349668213,26.46017699115045,53.47970173985087
2020-08-06,31.92831065383333,59.163763066202115,27.067669172932334,38.0200860832138,35.17272319425753,41.31897711978468,13.63184079601991,27.04456945045435,51.54432410750097
2020-08-07,33.882663150955764,58.03571428571431,26.354319180087852,38.35021707670047,35.4852876592007,43.794579172610575,16.573176950535455,27.187366623986346,55.51789077212803
2020-08-08,32.52240717029444,57.3280159521436,28.45565060783431,38.35021707670047,35.29925731760593,47.35152487961477,16.832200731834835,26.549707602339158,51.83078563810875
2020-08-09,32.77419354838705,60.08968609865473,28.45565060783431,38.35021707670047,35.29925731760593,49.16593503072871,16.976998904709767,25.524981897175927,48.43049327354257
2020-08-10,33.02990897269175,65.13409961685825,29.164863695369963,38.35021707670047,34.11234112341121,46.72000000000003,19.047619047619065,25.3798342541436,46.551724137931004
2020-08-11,33.48714568226759,65.26748971193419,29.080118694362007,37.67373811265548,32.58911084998039,42.791411042944816,17.688378033205634,25.966666666666608,45.84002569868291
2020-08-12,33.64691125744741,69.85714285714289,29.460580912863044,36.03603603603607,31.765134938001427,38.77840909090912,19.456193353474344,26.15740740740735,42.85714285714282
2020-08-13,34.289238359543575,71.28169979437976,29.517579721995066,38.11213626685596,33.06150186884128,42.32233502538075,24.45682451253485,26.15740740740735,42.87257019438442
2020-08-14,34.344624447717145,71.28169979437976,32.137518684603826,36.76577229876725,32.66196710305467,42.02094886013559,24.75301866081233,25.951443569553746,42.62472885032536
2020-08-15,34.86547085201784,68.5907046476762,34.98381877022647,36.76577229876725,32.99933199732795,42.65165728580367,25.08342602892105,25.951443569553746,42.54385964912277
2020-08-16,34.85016648168692,67.86809815950923,34.98381877022647,36.76577229876725,32.99933199732795,41.925269157694785,25.365579302587207,25.951443569553746,41.29181084198383
2020-08-17,35.48655392292755,68.32386363636368,35.384134915677635,39.40236275191108,31.938677738741564,38.987043580683185,26.623376623376657,25.492063492063433,41.3898434516991
2020-08-18,35.60195227765717,70.16286644951144,35.52064078866289,38.284942606347094,30.674846625766826,36.38968481375362,28.004807692307722,25.30270102452648,43.46549192364167
2020-08-19,35.34735161032729,74.12491420727528,37.25548310610542,37.901069518716604,30.849825378346853,31.376851343938604,26.800472255017734,24.548192771084274,44.275618374558256
2020-08-20,35.12298333774125,72.77486910994772,38.87798036465629,36.63028649386087,30.76923076923071,30.82861554297481,27.9041916167665,24.469914040114546,46.426092990978454
2020-08-21,34.97323476930911,71.82389937106925,38.17130267144028,36.63028649386087,31.935226971064445,30.18867924528305,32.875264270613144,25.11210762331831,47.69846564376247
2020-08-22,34.522324769269055,71.36204889406294,39.117802430005185,36.63028649386087,31.12548512289773,27.87385554425231,30.72132848988068,25.253077975376115,51.103565365025425
2020-08-23,34.58870168483638,71.36204889406294,39.117802430005185,36.63028649386087,31.12548512289773,27.87385554425231,31.57894736842109,24.831853645412888,51.62950257289875
2020-08-24,35.19061583577703,71.56069364161857,40.47972304648853,36.63028649386087,31.12548512289773,28.194516295913118,30.967741935483904,24.52137424600045,51.87894911872292
2020-08-25,35.254322225006156,72.21917808219185,41.50943396226407,36.63028649386087,30.194530589230272,28.02056555269925,31.75237144283577,24.95289367429333,51.10533159947979
2020-08-26,38.26955,70.23984,50.27005,70.23984,30.1167,27.84875,30.26623,21.54415,51.34261
2020-08-27,39.11565,68.1388,48.45361,68.1388,27.62596,27.26383,30.07847000000001,22.21163,53.50850000000001
2020-08-28,38.75157,66.86773000000001,47.86748000000001,66.86773000000001,28.62469,28.05821,29.83066,22.14634,52.86981999999999
2020-08-29,36.90379999999999,67.05442,49.3211,67.05442,26.17221,28.068590000000004,29.79185,21.10793,53.85269
2020-08-30,36.20143,67.05442,49.87295999999999,67.05442,26.11598,27.917409999999997,29.3339,20.37805,53.85269
2020-08-31,37.96366,67.33359,50.19290999999999,67.33359,26.09047,27.47577,29.55006,19.31093,54.46726
2020-09-01,37.58674,65.38322,50.0875,65.38321999999998,25.15883,23.04108,29.251700000000003,20.07285,54.03312
2020-09-02,36.84210999999999,64.48399,50.80068,64.48399,23.811599999999995,26.5202,30.07937,19.95054,53.6784
2020-09-03,38.9753,65.50035,50.98242000000001,65.50035,22.99916,26.20482,30.548729999999995,21.22105,52.886359999999996
2020-09-04,38.44842,65.50035,50.06716,65.50035,22.88349,26.247119999999995,29.63253000000001,20.596650000000004,56.01732000000001
2020-09-05,40.37674000000001,67.75221000000002,49.96741,67.75220999999999,22.88349,25.77242,30.559009999999997,19.90818,56.88241000000001
2020-09-06,38.40131999999999,67.75221000000002,50.86263999999999,67.75220999999999,22.563030000000005,25.65641,29.02802,19.67005,54.29417999999999
2020-09-07,40.05922,68.58761,49.96589000000001,68.58761,22.12608,25.269020000000005,30.755479999999995,20.842469999999995,55.89431
2020-09-08,40.35893,67.50557999999998,50.11616000000001,67.50558000000001,22.12608,25.55004,30.08027,23.68659,59.07258000000001
2020-09-09,39.9092,65.30546,50.01624,65.30546,22.65122,26.90187,30.29167,23.708920000000006,57.099120000000006
2020-09-10,39.03916000000001,62.56486,51.51043000000001,62.56486,24.28198,29.627,30.699210000000004,22.29207,57.71164
2020-09-11,38.91286,61.22841,50.81967,61.22841,23.45233,31.115240000000004,31.64609,22.21739,57.29363000000001
2020-09-12,37.78863,59.37249,50.60419,59.37248999999999,20.728289999999998,27.357029999999998,30.01761,21.43456,57.308670000000006
2020-09-13,35.90543999999999,59.37249,49.92096,59.37248999999999,20.96317,28.17073,31.11607,21.220930000000006,59.08933
2020-09-14,34.884840000000004,58.87346,47.83374000000001,58.87346,20.10512,28.57682,30.7224,20.9598,58.053580000000004
2020-09-15,33.57447,58.77193000000001,46.66442,58.77193000000001,20.74671,28.89891,30.4466,20.654810000000005,58.64258999999999
2020-09-16,33.18872,58.80550999999999,46.67367,58.80551000000001,20.8479,29.76006,30.416509999999995,23.41254,58.20034
2020-09-17,31.730770000000003,55.55555999999999,47.37025,55.55555999999999,22.62483,31.886870000000002,29.95797,23.41254,60.22988999999998
2020-09-18,32.062470000000005,57.86666999999999,45.19197,57.86666999999999,20.90657,34.956790000000005,31.28243,24.59872,59.87088000000001
2020-09-19,34.969590000000004,57.73787,41.6608,57.737869999999994,21.49398,34.86352,31.28243,24.266770000000005,60.58883
2020-09-20,34.79652,57.96477,42.1953,57.96477000000001,18.386589999999998,35.14477,29.246440000000003,23.309830000000005,59.62210999999999
2020-09-21,35.64968999999999,57.56076999999999,41.41035,57.56076999999999,19.38156,34.796240000000004,30.540199999999995,23.02065,58.33637
2020-09-22,35.5352,57.56076999999999,41.41035,57.56076999999999,19.38156,34.796240000000004,30.76233,23.65164,58.33637
2020-09-23,32.874759999999995,57.3499,40.22082,57.3499,19.09684,32.84672,32.174690000000005,23.96953,58.32423000000001
2020-09-24,34.83096,56.5199,37.72501,56.5199,18.8708,34.13174000000001,33.50538,23.68659,59.30403
2020-09-25,35.85062,56.09244000000001,37.31509000000001,56.09244,18.64322,34.80579,34.592009999999995,23.55856,59.07918999999999
2020-09-26,33.72375,57.54796000000001,37.76198,57.547959999999996,19.22879,36.53413,35.51444,22.070220000000006,56.854560000000006
2020-09-27,33.34723,58.36237,39.55390000000001,58.36237,17.250820000000004,37.07911,36.26728,22.22222,57.82338000000001
2020-09-28,34.84979000000001,58.74126,38.24209999999999,58.74126,16.27282,37.23798,38.65139,24.81893,58.44013
2020-09-29,36.06622,58.181819999999995,35.56377,58.181819999999995,15.27559,38.34897,38.77017000000001,25.1434,58.12174
2020-09-30,34.541830000000004,55.10562999999999,34.95327,55.10562999999999,15.156090000000004,39.36508,40.70115000000001,26.251279999999998,56.27719999999999
2020-10-01,34.33005,56.751649999999984,34.46369,56.75165,14.97512,39.72435999999999,40.40834,25.03979,54.72587000000001
2020-10-02,34.69778,58.07711,33.0938,58.07711,14.29985,35.90178,39.6953,24.317090000000004,54.64128
2020-10-03,34.68185,59.58673999999999,33.37214000000001,59.58673999999999,15.01299,35.87914,39.29619,23.47368,55.72122
2020-10-04,34.91199,58.40791000000001,33.92000000000001,58.40791,15.34785,34.841080000000005,41.0461,24.008240000000004,55.954040000000006
2020-10-05,32.70742,55.87687,35.07071,55.87686999999999,15.32344,35.53615999999999,41.0461,23.39357,56.25863999999999
2020-10-06,32.14585,57.23214,33.05407000000001,57.23214000000001,15.01299,34.50919999999999,42.4322,23.43137,57.17631000000001
2020-10-07,30.706410000000005,55.39171,32.71306,55.39171,14.692430000000002,35.30743,41.27187,22.28061000000001,57.26183000000001
2020-10-08,31.760510000000004,57.10214000000001,30.808450000000004,57.10214000000001,14.937969999999998,35.03017,41.52614000000001,19.64286,56.7623
2020-10-09,32.104209999999995,58.21107000000001,29.88417,58.21106999999999,14.5844,35.15748,40.03385999999999,19.84979,59.57901999999999
2020-10-10,32.653890000000004,58.7471,26.887970000000006,58.74710000000001,14.876029999999998,33.6794,40.86022,19.062339999999995,59.50200999999999
2020-10-11,32.44243,56.09173000000001,27.248559999999998,56.09173000000001,14.76166,33.263690000000004,39.70524000000001,21.23799,59.962480000000006
2020-10-12,32.53452,55.84356999999999,28.86918,55.84356999999999,13.875600000000002,33.78436,38.62366,21.98895,59.48866
2020-10-13,33.14941,54.83454999999999,29.09171,54.83455000000001,13.893129999999998,33.6138,38.10149000000001,22.28443,57.06441999999999
2020-10-14,31.90646,55.20036,30.29623,55.20036,13.77634,33.78076,38.78417,23.68973,58.88437
2020-10-15,32.192370000000004,56.83297,30.69635,56.832969999999996,12.14903,34.74471,39.79392,23.944360000000003,58.54749
2020-10-16,31.968570000000003,53.32703999999999,31.045449999999995,53.327040000000004,11.98721,35.21127,40.06351999999999,20.90209,56.71471999999999
2020-10-17,32.76353,56.4532,30.02768,56.4532,10.88362,33.03342,41.29401,20.920980000000004,53.00659000000001
2020-10-18,32.50518,52.73732,30.618109999999998,52.73731999999999,11.123350000000002,31.34058,40.06718,20.07638,54.15518
2020-10-19,30.65502,52.13115000000001,30.71104,52.13114999999999,9.29227,32.700599999999994,39.68631000000001,20.936960000000006,51.71537000000001
2020-10-20,29.96159,51.55616,30.75758,51.55616,13.152609999999996,34.16766,36.89276000000001,19.60997,53.16253
2020-10-21,27.790970000000005,51.37976000000001,30.0,51.37976,12.900050000000002,33.4891,36.77721,18.6214,55.31437
2020-10-22,29.977120000000003,50.82592,28.40746000000001,50.82592000000001,13.904239999999998,32.784490000000005,35.6554,18.79921,55.31437
2020-10-23,32.085559999999994,52.31144000000001,26.591950000000004,52.31144000000001,14.079250000000002,34.85693,34.54167,19.11555,56.48765
2020-10-24,29.216149999999995,51.82804,29.62578,51.82804,13.981159999999996,33.16386,32.77275000000001,18.87324,56.50780999999999
2020-10-25,28.05031,52.71761,29.819770000000002,52.71761,14.70297,32.38916,32.22958,18.84669,56.76752000000001
2020-10-26,28.20181,50.68729,31.411950000000004,50.68729,15.091460000000001,30.79848,31.97547,18.61111,56.22039999999999
2020-10-27,26.78133,50.89175,28.49067,50.89175,15.321410000000002,33.65735,31.116790000000005,18.52174,55.81683
2020-10-28,26.45631,51.05093000000001,27.50281,51.05093,16.238889999999998,33.44948,31.497420000000005,17.94291,55.93545999999999
2020-10-29,25.29907,51.35586,30.0716,51.35586,17.59763,32.63974,31.63445,18.190430000000006,56.16103999999999
2020-10-30,26.201070000000005,53.04613000000001,29.440990000000003,53.04613000000001,18.93823,33.03432000000001,29.58127,17.810760000000005,57.08263
2020-10-31,25.67961,53.35063,28.17073,53.35063000000001,18.65259,33.59778000000001,29.203540000000004,18.20768,60.75175
2020-11-01,25.493099999999995,53.35063,29.351970000000005,53.35063000000001,19.104019999999995,34.40292,29.62246000000001,17.51825,61.55890000000001
2020-11-02,26.97431000000001,50.53381,31.73302,50.53381000000001,18.74694,34.79759,29.73599,17.4087,60.69869
2020-11-03,28.13059,51.47585,31.73302,51.47585,18.74694,36.18711,31.388509999999997,18.89548,61.15667000000001
2020-11-04,29.65992,52.96825,29.12259,52.96825000000001,18.99802,38.41715000000001,31.211320000000004,19.02574,60.81846000000001
2020-11-05,29.45566,51.13268999999999,33.51279,51.13268999999999,19.01809,41.21562,30.339140000000004,18.44883,57.39796000000001
2020-11-06,31.045449999999995,47.7551,34.68165,47.7551,19.36799,40.06367000000001,29.52607,18.725620000000006,57.416880000000006
2020-11-07,28.02373,47.945209999999996,38.31118,47.94521,20.776700000000005,40.91566,28.6348,18.41432,57.26928
2020-11-08,27.77024,46.07073,37.86708,46.07073,20.8432,40.91566,29.374389999999995,18.85612,56.48272999999999
2020-11-09,28.41775,45.59426,36.75919,45.59426,19.85401,40.25245,27.386090000000003,19.80291,57.63773000000001
2020-11-10,28.61011,46.30593,32.742160000000005,46.30593,21.773019999999995,40.24118,26.19266,18.357,57.63773000000001
2020-11-11,28.453799999999994,46.86099000000001,31.908100000000005,46.86099,21.0452,40.63678,25.46697000000001,18.31984,58.11926999999999
2020-11-12,28.507190000000005,47.58454,31.585220000000003,47.58453999999999,20.83333,40.1324,26.154529999999998,17.42664,58.90735999999998
2020-11-13,28.26691,47.58454,30.063840000000006,47.58453999999999,20.91988,41.64362,26.08503,15.37749,57.9689
2020-11-14,28.24461,44.68223,32.73518,44.68223,21.72573,40.43424999999999,25.728370000000005,15.61591,59.26706
2020-11-15,28.69198,44.87179,31.94222,44.87179,23.410850000000003,40.43424999999999,24.22145,15.61591,60.025059999999996
2020-11-16,28.75182,44.32234,31.603050000000003,44.32234,23.8121,41.50866,24.482109999999995,15.377270000000001,57.92683
2020-11-17,28.46371000000001,50.06281,29.95637,50.06281,22.28398,40.71977,23.03738,18.00189,56.99588000000001
2020-11-18,28.303659999999997,52.71523000000001,33.030159999999995,52.71523000000001,21.57948,39.62578,22.86627,17.91724,55.868019999999994
2020-11-19,28.42353,56.93291000000001,33.857890000000005,56.93291000000001,18.4545,36.96785,24.636320000000005,19.16903,53.66306999999999
2020-11-20,31.52508000000001,55.94542,34.10183,55.94542,17.733269999999994,37.41098,23.71239,19.60406,48.55234
2020-11-21,27.521990000000002,55.93560999999999,36.02232,55.93560999999999,16.06965,38.61559000000001,24.64229,18.14763,48.68996
2020-11-22,25.71275,53.67965,36.48714,53.67965,16.06965,37.91805999999999,25.203249999999993,16.87321,47.31258999999999
2020-11-23,26.350609999999996,54.04996,35.41453,54.04996,16.0903,37.77593,24.89293,16.849120000000006,47.33520000000001
2020-11-24,24.57488,54.04996,34.20662,54.04996,15.571780000000002,34.8578,25.25801,16.97028,47.05675
2020-11-25,24.76506,56.34029,34.05172,56.34029,15.94747,35.3336,24.971160000000005,17.293600000000005,50.6537
2020-11-26,26.38398,56.31986,34.05172,56.31986,17.335769999999997,32.62032,25.68639,17.30467,50.51206000000001
2020-11-27,26.13909,54.10959,33.95707,54.10959,17.32786,32.451190000000004,21.43322,17.30467,48.16326999999999
2020-11-28,26.09756,54.10959,33.858270000000005,54.10959,16.819010000000002,31.73735,21.6021,17.30467,49.389070000000004
2020-11-29,23.291139999999995,54.10959,33.858270000000005,54.10959,15.43977,31.201920000000005,20.39801,17.761029999999995,49.52475
2020-11-30,22.87778,53.426019999999994,35.84355,53.426019999999994,16.037739999999996,31.41635,20.573480000000004,17.79935,47.16486
2020-12-01,21.73913,52.79686,34.96387,52.79686,15.94274,30.859010000000005,20.027910000000002,17.78455,47.16486
2020-12-02,20.0,54.00411,32.50444,54.00411,13.91499,30.18265,19.35241,17.62336,47.66479
2020-12-03,17.5,53.16871999999999,30.80594,53.16871999999999,13.840680000000004,28.40263,14.89826,16.1658,47.19251000000001
2020-12-04,14.54065,48.76543000000001,30.897179999999995,48.76543,13.840680000000004,24.900130000000004,13.63958,16.140179999999994,47.19251000000001
2020-12-05,14.741320000000002,47.19100999999999,29.836230000000004,47.19101,13.840680000000004,23.401530000000005,13.63958,16.556959999999997,47.80773
2020-12-06,14.131220000000004,51.76471,29.484640000000002,51.76471,14.11043,23.602750000000004,13.75815,16.57702,49.191460000000006
2020-12-07,14.110870000000002,50.57471,29.93263,50.57471000000001,12.11353,23.602750000000004,14.346589999999996,17.02662,51.50769
2020-12-08,13.65854,49.37545999999999,28.98416000000001,49.37546,11.68898,23.0738,13.16932,15.263159999999996,51.35607999999999
2020-12-09,11.16043,48.49108,30.799299999999995,48.49108,11.68898,23.20166,11.47541,14.98356,48.38145
2020-12-10,11.16043,50.03179,33.02468999999999,50.03179000000001,11.105580000000002,23.061309999999995,12.216399999999998,15.85643,48.38145
2020-12-11,11.3329,50.03179,31.933170000000004,50.03179000000001,11.880660000000002,21.55902,12.927049999999998,16.03124,48.38145
2020-12-12,11.27148,50.03179,31.989799999999995,50.03179000000001,12.27298,21.97004,10.72125,16.98015,48.38145
2020-12-13,12.24795,50.91879,33.42217,50.91879,12.27298,18.60921,10.208329999999998,17.52967,48.38145
2020-12-14,11.19593,51.417,31.064070000000005,51.417,12.84855,18.13977,13.333330000000002,17.74364,46.07177
