,Adamawa Central,Adamawa North,Adamawa South,Borno Central,Borno North,Borno South,Yobe East,Yobe North,Yobe South
,FCS,FCS,FCS,FCS,FCS,FCS,FCS,FCS,FCS
2019-01-20,20.460509336038683,23.537681980924514,24.45406968212544,51.09353070570188,26.476967039614948,31.026911156144553,19.294318766032013,43.941271466753044,28.069343721756322
2019-01-21,21.37978746338639,23.29458962778378,25.52028638375101,51.93062741960631,26.43541706597669,28.951624622548323,20.418740557955356,45.798600272296994,28.027182518659597
2019-01-22,21.259692172794434,23.10092974015357,27.792050621013242,52.18208766524935,26.367702773476097,28.703780451535962,20.623517061598978,46.453614747974946,28.347695161059672
2019-01-23,20.687099336376715,23.755092489933073,31.539231780229752,51.91918209637428,27.050719409744943,28.828064965456576,20.317280251838582,45.81032680167983,29.277330634618394
2019-01-24,19.224444399529286,24.071094165366194,33.577713133228585,49.960091071158786,27.177575260093196,29.343029811605003,19.161972574449287,44.861927231383426,30.62936833820548
2019-01-25,20.362567033502412,24.26440461633959,34.188306950698454,48.938655160267466,27.160584617756182,29.162453036058338,19.499521957224317,44.34007735299309,31.665258493958703
2019-01-26,21.212731649485196,24.188450714430004,33.06995380190993,47.82182616252012,26.91075250437558,28.99106881701418,20.438504197889486,44.68229120691109,32.30241733845014
2019-01-27,22.79757678070305,24.358966840002314,32.447528395362134,46.91940124975732,26.27482795162707,28.762537193936662,22.497436833077895,44.21430934914412,30.684603188039926
2019-01-28,23.284848641394365,24.367964774008197,32.75752848298229,46.10864524770685,25.12617808983855,27.636265620754727,23.63260752483931,43.97244671892711,29.013595049308492
2019-01-29,23.357480567101174,23.821708842805876,33.80771510402405,45.107679990029446,25.573438025421783,27.53889479462012,24.28590400596201,41.799740874295,25.79037431686822
2019-01-30,22.724856271892573,22.76491650160987,35.11664939925037,44.78106494405466,26.5864037658723,29.122482151454264,23.989889684745282,39.717702155769736,24.805644760710095
2019-01-31,21.94024801052105,21.553173268081597,35.58930488155371,44.83210066873138,27.800217487571047,31.361176352150654,24.74002766572465,38.08952093556966,24.55414338488453
2019-02-01,21.808496668220158,20.997239953928297,35.66758809823854,44.93150869007868,27.596760589177055,31.988764699046467,25.201987796968393,37.920265962178675,25.891222615048907
2019-02-02,22.10020628001808,20.63924959435312,35.72707795736411,45.21983366479768,28.011313938151535,31.121571463432176,26.27473790826129,38.05443502171646,26.4500381521118
2019-02-03,23.52868610805334,20.73683378201615,37.12723868749962,44.70509068864201,30.523651311518908,30.90437379130344,28.082566182462813,37.809118527265376,26.51861364158849
2019-02-04,24.231567631085976,20.90863259341243,39.25879370676119,44.62754849314655,34.03595612806406,31.092194375208333,30.820003850280226,37.70195905220671,26.241989933770615
2019-02-05,24.7566289193758,20.36614799733787,40.57751029051345,44.40547548165384,38.02227688427393,31.049566733086063,33.06954293582595,37.83519352683505,27.15143906972017
2019-02-06,24.787414457634814,20.119951697632715,41.040238258671316,44.33368881720992,40.3293757843767,29.88332820743396,33.55551493098535,38.103332811464234,28.400602498542735
2019-02-07,26.18016774871774,20.588140285671642,40.93443790419545,42.81886554797217,42.902172318519725,29.76563521098052,34.32086514195582,38.6587620628269,30.299358540163684
2019-02-08,27.510725169107065,21.949847271317267,41.18631277709968,41.6790501918814,43.984802864222445,30.286056664229942,35.180371444476826,39.546528488419064,31.77317301687278
2019-02-09,28.588312531489432,23.519484983032783,42.07840672040149,41.0800432762434,44.760825527359735,31.772062378821435,36.11940746531168,40.75674038661381,33.40528422384394
2019-02-10,28.746900363021606,26.338921373491214,41.73238595915582,40.63282883471678,44.043586288719716,33.58357583219756,36.10877693233969,40.98781809816793,34.31811684011181
2019-02-11,28.964197221335027,29.79950408175849,42.62348787435818,39.98856883269424,44.284310519019066,35.27067973061372,36.34012401662795,41.17834393330954,34.547778187626726
2019-02-12,28.956883004434086,33.024260167767764,42.68773529249481,39.444617984170726,45.11895911779397,36.334874657572925,36.29684215293811,41.202557823217596,33.569758588144225
2019-02-13,29.639848732525337,32.84329542231919,44.12630637625053,40.07729587431073,46.649447771692586,36.7151376393605,36.6274930421442,42.118780277956795,32.700550855819785
2019-02-14,30.46842780520345,32.13084384870893,43.76932726764155,41.2474870825875,48.67185480791883,36.1064674576393,37.980662616157026,41.02238950228486,31.958118638955444
2019-02-15,30.906611880303718,31.10106537060105,43.59740903133823,42.24239402925573,51.04476168528166,37.06250951101317,39.86780191709971,39.70309854396473,32.05914093630713
2019-02-16,31.720354194186044,32.00114093215708,43.50704473659533,42.20377227324576,53.767250800037935,37.85304950831708,41.86996211642117,38.128901571068646,31.44028080619609
2019-02-17,32.533450351789305,32.13384736779943,42.89999013470318,40.89690422205032,55.59953347175021,39.18849331409265,43.26452940433929,37.88828718486916,30.709792378170803
2019-02-18,34.08584619481538,32.214790871129516,42.14049552230186,39.19017860301452,56.879347130849446,39.668715401623366,44.45505740110525,37.982441194660204,29.468698870991858
2019-02-19,34.99431258908577,32.047297616523885,41.1229476197466,38.84160589014703,57.3915563854461,40.25925709745889,45.551922139478386,38.21899740232396,29.216863558118906
2019-02-20,35.471420236912,32.50696394896737,41.6718361592722,39.02347732201846,57.84516527319649,41.77125448571176,45.64235541727675,38.74186403575699,29.656327136114736
2019-02-21,35.45187284285888,33.145744071764845,41.43708843883293,38.459602759422715,58.651913796033995,43.58566573064237,45.43009083466626,38.30101485034074,30.93614014111857
2019-02-22,35.47830438062869,34.2471187176883,41.6022973209704,37.540765120202565,59.090278015568856,44.842267270664614,45.55954644293894,36.99847635679101,32.16357493560131
2019-02-23,35.6210343984262,35.25107908918231,40.02128409951096,36.506112715869314,59.31584799846595,45.40935484252757,46.02195962951611,35.98368243318999,31.978683079588865
2019-02-24,36.427343816294446,34.847226087926714,40.07878460186173,38.639670424669696,58.00892377863473,47.07290789558308,46.20656202290002,36.627762208169145,29.75452465872476
2019-02-25,36.03485643705196,33.53920337382479,41.10918312374096,40.36795811312056,56.919525802543966,48.48467336121639,45.03384703377936,37.939510500945254,27.303204982731827
2019-02-26,35.74138827959262,31.980214403616497,43.80699461889876,41.95426831471403,55.80530822117456,50.09590027881848,43.38327549942618,38.58245355125487,25.54914220625535
2019-02-27,34.753481783546114,31.511469920210256,46.21843448547341,40.99563273244002,55.55151788386272,50.16442005241723,42.31634553628769,37.873824353998884,25.27331106888583
2019-02-28,34.13621547042589,31.241460825167053,46.32426796455315,40.31517238412014,55.43758676661622,50.46278971006962,41.723765677998585,36.380387364533505,25.598056820081734
2019-03-01,33.789766175945914,31.43950627114651,46.41285997816728,40.13317830056294,55.2129091301861,50.27543516142392,41.682692506873764,35.858840665054494,26.3745883201222
2019-03-02,34.16240011644117,32.06662922843032,45.37321342325348,40.25616283908892,55.562508574029984,49.037422752387386,41.947342010941526,36.124915953954684,26.641715985442143
2019-03-03,35.07008740383285,34.18486792943353,44.757373816301104,41.15945402014677,56.82474381973967,48.375886849215796,41.440754554669354,35.7021273076901,25.867978791942004
2019-03-04,35.59774879783807,35.81303625953561,43.43934380150507,41.65300216161272,58.61017854443376,48.31820936985354,41.006732178808626,34.70397140904288,25.276063766881972
2019-03-05,35.164229579121326,37.04046779041398,41.60322340016727,41.649213988261494,59.11269238489831,49.03548300224936,39.080709783525045,33.24044066131401,25.409570815567605
2019-03-06,35.12990244453413,36.83767475485644,40.25495792548065,42.04394049829393,57.796975306160654,47.85806110875753,37.858769863684294,32.26582813437231,26.61206965457049
2019-03-07,35.13474521278966,36.68084028641723,38.33158443150475,42.38492812636128,54.89682336772023,46.67137407432322,36.30922497938201,31.08395724891342,27.192031216626493
2019-03-08,36.6541536766505,37.71834128957374,36.551461458222036,43.06672189450122,51.71571812486087,45.06114156150259,35.94241358875501,30.991596389686404,27.96879543185322
2019-03-09,37.91326180950063,38.040549945115735,35.406869925207474,42.594177360945544,49.440397232302125,45.49577388286776,36.50385649062345,31.756912429405023,27.552503583386294
2019-03-10,37.72792760082228,37.21442207568773,35.896379127661454,42.15428120806334,47.65157552062672,45.53352640777373,36.864851282524626,32.47353469799261,26.351817519523852
2019-03-11,36.84725870066202,35.45098644859337,37.72625334472526,42.48447210434998,47.503751558340866,46.83941942121808,37.52376863183817,33.06091773817496,25.694877895085295
2019-03-12,35.94593845854917,33.72999879427238,38.82579443370769,42.52212282304344,46.75081015955544,46.65286207123983,37.15003577473755,33.353456000408706,25.798230440094766
2019-03-13,37.37581975083101,33.661908416124376,39.7655753430768,43.606420929391454,46.32176813593592,45.046869356077785,36.48703297870072,34.05825632793979,28.503717431892444
2019-03-14,37.87715536278762,32.995399777188325,38.953045132170566,44.58283034228043,45.17442543438968,42.73597392831987,34.53212150747412,33.12906599714125,30.622014261906745
2019-03-15,37.69319799964082,32.76073311052165,38.52585987458198,45.636438787287524,44.08636931144772,41.29295695632177,33.16470015288346,31.62086825342642,32.87009522523129
2019-03-16,36.528413970719704,32.4506901260458,37.60499067675863,45.45398306581088,42.88394720073065,41.04470622653023,32.10328195744208,29.990049259399214,33.731621987277705
2019-03-17,34.86878853804575,31.74489094506872,38.67753263462166,44.82406975385985,41.999129580602045,40.686083024866385,31.36808824670118,29.436918163093612,34.37140947517758
2019-03-18,33.26223348340313,31.056325288503064,40.01529924313632,44.728993741083315,41.46858038259502,38.68673523134323,31.381963758527704,29.211359292306543,35.4034478192025
2019-03-19,30.827559493173585,29.670338566379836,40.297556274459616,45.376616581214556,41.07914400638479,37.28062821140094,31.534784045477153,29.819976846334303,35.9475991670302
2019-03-20,29.492512936281685,29.363170612833727,40.012704956213746,46.57321850076925,40.43517091586935,35.879747631780226,31.5557944405903,30.42332256348241,36.921472036244914
2019-03-21,28.436967971180295,28.825379963903945,39.073430687959416,47.27183473214109,39.40838555107993,35.65626021666541,30.3266933281472,31.31884269689266,37.10468919566756
2019-03-22,28.47150691398674,28.4169310835137,38.782753979663845,47.4123475850898,38.40900560775938,34.95899143636577,28.851225304717758,31.0027324171901,37.4144232267606
2019-03-23,28.350530408666213,27.523517339441188,38.2600037110824,46.70350356557563,37.10602683670501,34.10966270422177,28.18420243425309,30.018436532493467,37.22768438670236
2019-03-24,27.916378730122023,27.60247055086533,37.818963722884455,44.88494252988036,36.183422674106936,33.52333222543319,27.696105557136097,27.55857502319431,37.696906941303645
2019-03-25,27.286621803384914,27.951774294861124,37.00240669439674,43.31699837693045,35.699236915710436,33.01135350454425,27.28408606242756,26.05008209452276,38.997788761450856
2019-03-26,26.694781759305318,29.028011916871503,34.78207726226825,42.71916625774495,35.679292852784634,32.08117506642438,26.338684367150815,24.939638960250434,41.042448301177494
2019-03-27,26.56333412337214,29.07165229570442,32.380759863305535,43.01054138870044,35.570050976882925,30.09728244897472,25.42613900842667,25.43931017737707,41.941330561850606
2019-03-28,25.80755690823878,29.126719133078282,29.818982321432447,43.391281650422435,35.192178242804495,28.833304882468003,24.49617407780055,25.916386143310074,42.48694321878933
2019-03-29,25.39029746945924,29.10285832679607,29.046283917607468,43.36615307779707,35.12023135094284,28.14217406571525,24.578389301997834,26.603637725938643,42.63527800564204
2019-03-30,24.611321515756106,29.651980901116413,28.870966554790105,43.47562444754012,35.50974797437165,28.48353249393801,24.700247136246542,27.91637085270469,43.21011319586185
2019-03-31,24.338021807013078,29.37155643097751,29.191649498880693,43.28150175341742,35.75056110424446,28.007531102236047,24.055907451119992,28.132354439072383,43.33425877441676
2019-04-01,24.245163577941444,28.235397393546346,29.14930584598937,42.13260744341196,34.41012232297257,26.753075621464586,23.41544003317958,28.27747984586156,43.38012496480642
2019-04-02,25.765833312271184,27.229419982365766,28.540142711367988,41.94804504437358,32.50978677537539,25.56299133041614,23.410482666532744,28.10058276794663,43.18846696064841
2019-04-03,27.466111258460945,26.154427413520718,28.470498548440833,41.952737901778974,30.689445701289326,24.692210738708464,23.310354149770163,28.70627075151523,43.169017118826
2019-04-04,28.72664469937301,26.525046794646006,28.586271310447803,42.57491663968173,30.257976122713675,25.591311030002732,22.45939731439947,30.38196412220807,41.75682744758638
2019-04-05,28.974144534673332,26.518892164490428,29.480529666873267,42.87773879591979,30.054747722290397,26.427256649469303,20.83770556556709,31.708953659090195,40.87268699084291
2019-04-06,28.954136902088027,27.305475883897884,29.19898182015892,41.927176333496426,30.190886106868835,27.732784857482198,20.392169146079052,32.76482626833401,39.272068700741414
2019-04-07,28.71959714522234,28.084957469039306,29.86780544810024,40.90278096665343,30.77928478873331,28.657930329311398,20.88161663273762,32.37446684521147,38.76804106240436
2019-04-08,27.518177974254925,28.50931239327477,30.00110969832339,39.493916100913005,31.623458786395584,30.44311258911409,21.68766881657777,31.546846671846623,37.32606397672059
2019-04-09,27.112852202450654,30.212889623700672,29.961886764794468,39.16510707598093,32.95775028852136,31.71123212790752,21.557101979033337,31.36525008818607,37.07489381175741
2019-04-10,27.565846783140767,31.542461445167405,28.925612781087413,39.312209456996186,33.148496894443326,32.720567938817645,20.427994521480937,31.147442330555304,37.827439477770284
2019-04-11,27.64248726388872,32.10491776119877,29.144860118172957,39.27505372384166,32.6571845028395,32.669643274948015,18.7153966291577,30.805910183349766,38.44040860379201
2019-04-12,26.752033280112716,31.395193846072278,30.67068530721694,39.29854780036835,31.75006562564512,32.95995734198417,18.001736887181433,29.935466952037157,37.80211607667089
2019-04-13,25.300320699893746,30.20268216166568,31.333986063194647,38.62240081200741,31.59219419664787,33.41237916621049,18.0806925372317,29.249169805563017,35.52549884339718
2019-04-14,24.82543966986685,29.71666697876783,30.073710045926347,37.14630501680307,31.769379056609427,34.515258776028176,18.81551392201834,29.14811818552235,34.19243842185358
2019-04-15,24.835791126755023,29.266504683792316,27.838073387198534,35.32384169982899,31.588816627263867,34.955141473975395,19.99427065670409,29.501347086213514,34.02915972904628
2019-04-16,24.604566665858602,28.955153954547132,25.822885769469547,32.979698681652536,31.257864880681847,34.74999084937513,20.528617571116442,29.620952041100082,34.4131273929855
2019-04-17,24.46497128816799,28.95698564966573,24.174270446966318,31.23867126906718,30.280814246775805,34.618829201098244,20.338319159930787,31.045220011673848,35.20205389328809
2019-04-18,24.483610362103363,28.656402226320754,22.979091960858838,29.49211560784984,29.33152070875177,35.186061993025135,18.161706880436185,31.88270166126995,35.1686104727329
2019-04-19,24.716401632052655,28.133414967943278,22.596828963916938,28.141633224331702,28.107647831688393,35.63498376609591,16.096315362921334,32.57259266789249,35.422983305509625
2019-04-20,24.94814586407594,27.77641872411175,22.71949153441904,26.922338169339067,27.842252994834737,35.96910614588343,14.622263170717602,32.09086865691549,34.92643578657208
2019-04-21,24.506967821893085,27.084564944695142,22.591176498958102,25.739472429167993,27.75982599823841,36.34782853196191,14.268937217286139,31.620019756976415,34.90239490765638
2019-04-22,23.76533682027682,26.389290851225827,22.680785928174497,25.19157470887173,28.119016873769425,37.26158618472846,14.273264611875868,32.508997581319726,35.02907002761859
2019-04-23,23.030388860543564,25.06425646672948,22.355520733632932,24.795559966943642,28.20003612082009,38.692164298068526,14.152286089330579,33.326725087311466,35.41500953023654
2019-04-24,23.43661141569849,24.33811605630106,22.309957055627493,24.603692892313035,28.057547852645722,39.72648812677508,14.58136780183475,34.20943434643351,35.57704405447403
2019-04-25,23.75315292090527,24.425521811465774,22.456876443888092,24.410043356832734,28.154107230579246,40.49662255152169,16.00751356890594,33.92787842362372,35.30547909816057
2019-04-26,24.052813248724817,25.327840986964844,22.852653210656772,24.117169209871935,27.80749651064094,39.787884082164446,17.252251352472246,32.915030636659175,34.32438602680048
2019-04-27,23.74061209565788,26.618353668991332,23.360817711119097,24.058802912140678,27.76724612212968,39.378087432462856,18.089879430792287,31.49023671043638,33.64071597752136
2019-04-28,24.32166139244663,26.728594545306084,22.72367212335229,23.55367675638008,26.861292662913115,39.04622598135507,17.662539396205172,30.238775732850637,32.96615721881867
2019-04-29,25.197348955965406,26.47062170589889,22.33920380628042,23.319287799823034,26.39920236664405,38.93988848328178,17.71763524647653,29.995486947736822,33.13914528064954
2019-04-30,26.072441352834336,27.074140137819686,22.485898466891058,22.617257129941787,25.44884186825645,38.1647194485622,17.913953558908986,30.138206566703044,32.06526049148998
2019-05-01,26.284979629479817,28.49298289583953,24.20069949686607,22.496329746655505,25.206325877178273,37.21737983252339,19.01018371763914,30.93115489497052,30.837600891527682
2019-05-02,26.528278887302445,30.035946197596246,26.310363919402334,22.005575786675806,25.216317234487125,36.102453899340226,19.385500511023164,31.75647485567949,29.802240728335118
2019-05-03,25.67628971826764,30.529677478516685,28.463515461076923,21.637146262236048,25.99309111987432,35.36021365312683,19.25938167198936,32.81651859090503,29.93790062122044
2019-05-04,24.411732255845617,30.70256101555349,29.361365190359848,19.93565670022208,26.655205170957895,34.97893962844196,18.61135487717357,33.3485283507417,30.20263829181192
2019-05-05,23.24362522530301,29.955415136364376,30.24247389281199,18.896122839303732,26.57837195498968,33.671155513421205,18.839822744862104,32.38203740644443,30.052408153913973
2019-05-06,23.037322232957752,28.97101326766253,30.227839731836365,18.02363748152425,26.270812213322802,32.1844142470576,20.017752082903638,31.210129404932626,29.372289089703802
2019-05-07,23.569809377408074,27.58718718050609,30.477696076765728,18.431673661248876,25.63899435453021,30.754652319004197,21.411871595643124,30.448287453967225,28.890416283421555
2019-05-08,24.204050591738795,26.415434853389574,30.010033872155798,18.936430272290295,24.925199918233133,30.314470566082488,21.43426790081649,31.651033172382416,28.800648496065676
2019-05-09,24.48678325064388,24.52219367969064,29.940038068457074,19.59147328122941,23.67810000503822,29.327575874156153,20.928302970840754,32.25358377432487,28.576233899882467
2019-05-10,23.87160088626615,22.035827403623184,29.84934020920706,19.93590824759656,22.101396889628745,27.391292780537327,20.028632077700546,31.83424755050815,27.85554085963798
2019-05-11,22.399754334432327,19.917825293995197,29.17136072383561,19.89216966596099,21.383850617437542,25.111487725792983,19.883117062045386,31.11609813610903,26.441212925065013
2019-05-12,21.45499907962432,18.52523990089769,27.25601393960925,20.418668193475984,21.860593822902658,23.226307230726146,20.259996905513404,31.662439539414763,27.059359120973152
2019-05-13,20.924055971498696,18.317348930642524,25.32979408905473,21.575467911969543,22.741758208067996,21.51406677884344,21.483818488769405,33.18871511998841,28.467119852449034
2019-05-14,20.618896251268612,17.730415273842375,24.185709055541537,22.638534217601716,23.37856221951104,19.80634408320206,22.492955535340045,34.55004235239105,30.206270960116154
2019-05-15,20.278882396704425,17.397001117176988,24.2408387891727,23.09841633375513,23.38747160236819,18.55812136363574,23.223985393700598,34.887820813201635,29.765745107016926
2019-05-16,20.211954992504268,17.398253752301716,24.52813606595734,23.415469307873906,23.7144506990734,17.893822705497072,22.570973199581402,34.45294199612116,28.76601600807552
2019-05-17,20.47008585080464,17.845113160377156,25.055163850724654,24.179057640781224,23.67894627522681,17.782283024883796,22.35176199855245,33.7660305160407,27.775964977804033
2019-05-18,20.84001033635327,18.56707354305599,25.779764632373873,24.882133789245472,24.390214310658493,17.372147603834232,22.458225507365857,32.258010407248115,26.712232788085505
2019-05-19,21.839082157599666,19.16539125266938,26.500005803434146,25.07481048653628,24.82505370413939,16.91053764039549,23.22841798086925,30.855466911559244,25.942342627635053
2019-05-20,22.48060922585634,20.216553958268264,27.201962410727223,25.30808268778507,26.017530310648578,16.422682359990134,23.581455779545333,29.444851184632203,25.443189044051525
2019-05-21,23.25815876752799,20.85898687265565,28.041360307095943,25.543643008973657,27.52982290110948,15.397288846997062,23.4719290268597,28.870653820980234,25.13319127017292
2019-05-22,23.31047630922242,21.196947186166856,28.518927466252862,25.81237840964236,28.828380288735076,14.727410780443302,23.350740842060176,28.199454945748872,24.503711697231278
2019-05-23,23.43450098413564,21.597864750883456,28.46389131189511,25.65737136614968,29.518240256261993,14.670397877323522,23.674896984062922,27.32430291768485,23.422858541759158
2019-05-24,23.677678845054746,21.952096105956958,28.299962788580384,26.01362513608557,29.281681993347508,14.31425136567458,23.861967323579552,27.161383399926624,22.52467890458154
2019-05-25,23.77663702129226,23.966058373260825,28.3625608157015,26.761099379855853,29.408767737072566,15.277777276485452,24.003004175239052,28.174546630554136,23.282323684081444
2019-05-26,24.004535857565312,25.51243565158896,28.255486722099548,26.545728386920484,29.213997222363172,15.877348420929907,23.43035180245563,30.140318946698567,23.835681548734115
2019-05-27,23.93997294615816,27.024265536061183,28.029607593563288,26.39518772027361,28.949585704650485,17.747403180972718,22.877670143488313,32.37992685328722,25.05339267069159
2019-05-28,23.626240632351614,26.891203697708125,28.226190983412437,26.041013134855888,28.92678908210334,18.47314231721418,23.198328965229667,33.80041243636197,24.951835213071817
2019-05-29,23.031313860075283,27.761490168437998,29.50948050571039,27.027141950538887,30.058149469381306,18.708345286610044,25.55727234674008,34.475667126175324,25.48485194166393
2019-05-30,22.63949989833279,28.594630441122842,30.08762369360453,27.50820739001955,31.160956720696642,19.243739004925164,28.419318807548336,34.01401913199757,25.703616400420614
2019-05-31,22.683041374596808,28.734092118357683,29.07128990951134,28.819715709355943,32.788501000103146,19.79929237509535,30.704288678466913,34.086500454231185,26.385465597252786
2019-06-01,23.047616016057674,27.699772276328293,26.091608980352976,29.769928220609838,33.502610462361964,21.149288065203766,31.23325048168147,33.843306590869425,27.6867157453746
2019-06-02,22.558188239369006,27.612276938130023,22.84059007980805,31.51532791459236,34.13441451074741,23.053982009114204,32.097062537626776,33.76536117751608,28.901303159068785
2019-06-03,22.394142647391025,28.670404359427668,21.064311902018947,31.636136696339808,34.53527152713158,24.57304607769687,32.74908724593151,33.77561506018986,29.086506457196084
2019-06-04,21.9461120211934,30.85210186244707,19.619308421746883,32.624000797409174,34.78443828339435,26.227005205987382,34.528401122019574,34.09231831220979,28.82874017199588
2019-06-05,22.392046843653826,32.968188225430644,19.58170013128432,33.775456361524505,34.806591032092236,26.804815735964464,36.2618763156397,34.95009495386844,28.986039936038193
2019-06-06,22.683256065734668,34.71992385009986,19.23533071356891,36.47721418904391,34.46970732215581,28.352178472821446,37.597154433989736,35.95655878041641,29.95085085070094
2019-06-07,22.866808799370702,36.02870683695313,19.945490634255147,38.47542065431026,34.769693659411736,29.283736159704542,37.94908065083806,36.92766026194901,30.830552202890626
2019-06-08,22.633058542399684,36.50477514730209,19.352769477138242,39.565614148113276,35.49164744813391,30.39451257359113,37.88038047893872,37.44492971473516,31.359705249391794
2019-06-09,23.03291430489536,36.93298955766928,19.296052614471606,39.57486964749962,36.06441023517648,30.205376767826724,38.527975656232194,36.56325203404216,32.138134855524676
2019-06-10,23.66940561447268,37.32196951821388,19.74233956806792,40.26727988346472,36.750506997070794,30.150385795748747,40.045660366558955,36.229902868404594,32.8492030065101
2019-06-11,24.950810284579745,37.97234060109847,20.545075707145322,40.97035105986665,37.19308807733197,30.86161189586791,41.5360634090724,36.418894417871314,32.944422754777015
2019-06-12,26.14914688576394,38.671005482348214,21.340248535156665,41.84941935188817,37.49411505900557,31.80791223502823,41.83517902845741,37.166056947036225,32.1835403982821
2019-06-13,27.624667448249316,38.8313728245098,22.276314658828678,41.817110908731195,37.33617339562348,33.17180071891382,40.8377919857819,37.24812177048036,31.815187679740035
2019-06-14,28.733808893696846,39.5946618219398,23.905745390810267,41.90806702598102,37.419643176807604,34.066435309679086,39.809668982116904,36.98455015313525,32.1524532458177
2019-06-15,29.641107649610586,40.092660062720064,26.42685048518617,42.24938707003442,37.74727570416491,35.12687026047697,39.98509634518357,37.44038746461923,33.461994292847486
2019-06-16,30.579743379060883,40.73432861461409,28.477860925314967,42.7010197585152,38.42245028097711,36.170021351083236,41.334317022214435,38.61662093907823,34.56985205982937
2019-06-17,31.012394715343717,41.15459577808325,30.10214529994902,43.308440676159734,39.02357351477531,37.48385810763809,42.858282121956115,40.51632814415754,36.20984311585108
2019-06-18,31.46080866944614,41.35995083992597,29.932808367741572,44.3725061877882,39.00589022575078,38.49129048235952,44.24276657369569,42.53023798004819,37.6750284069467
2019-06-19,31.10479514744199,41.54787030301322,28.80512670411436,45.803955112475826,38.67834638515562,39.304791110947384,45.73744738971016,44.60166691194602,38.992496438414065
2019-06-20,31.319437826690518,41.858269437070824,27.86034451217733,46.81127794866444,38.76800748851076,39.73775912647613,47.79312815687814,45.88594421229231,39.747393256962475
2019-06-21,31.060273029434097,42.80168805767493,27.334570903913413,47.476765561099405,38.387684876452795,40.75764571542054,50.06850150795501,46.98425446321759,40.480687635159136
2019-06-22,31.611629493980605,44.46420903289948,27.629551671090088,47.89969256382606,38.74296382317727,41.350634914075414,52.14306146254649,47.98166672794439,41.47994853685907
2019-06-23,32.01400737978535,44.22858350689538,27.53550833543149,49.9660994343404,38.631154679642485,42.290955928512965,53.00338952057485,49.4827361204442,43.84256568067317
2019-06-24,32.497762056320475,42.50856411157578,27.482972991270675,51.5869803324411,40.12563408699373,41.77462217903315,53.18019141686795,50.31090042318478,44.79603925882821
2019-06-25,32.718700495612026,39.40911890247267,27.05257322760984,52.53782158172006,41.50923727359132,42.03737386326913,52.73712058494467,50.33417881238143,45.35949560446276
2019-06-26,32.70027651342992,36.84205896653954,26.684221433330467,52.26523884831216,42.14429774369514,41.66940508219641,52.096858835488234,48.91235374700642,44.527089439498404
2019-06-27,32.32291213652181,35.069920294987924,26.143357997103532,51.67467349253766,41.948441866839175,42.220633078847946,52.26039067128591,47.3924291638613,44.383520906958694
2019-06-28,32.15410461174434,34.22505466763736,25.6534852395273,52.01281001266481,41.21437009631034,41.84621547715667,52.44369373762408,46.22607190469186,44.23433776870079
2019-06-29,32.34624381361048,33.67375212840293,25.100594696485413,52.21877716966792,40.94781358306118,41.53297040715648,52.2816580121908,46.23991413299357,44.112968736020626
2019-06-30,32.50539205947991,33.95617180163446,25.555647062392254,53.519474684898036,40.40692591750039,41.727815481187484,49.968124781663796,46.34204368410258,44.58220362277958
2019-07-01,32.425496276613295,34.22784950989427,25.679575030345987,53.63291440990346,39.01315259138764,42.2677995865451,47.59452432216707,45.94786559080944,45.4287058923828
2019-07-02,32.446412882392586,35.42373166948888,26.220196499203478,53.279510354503905,37.861859047685286,42.890240307654544,46.08371301333123,45.14282677735548,45.775788815030545
2019-07-03,32.461307216190455,35.041404058510984,26.302117680857204,51.13050249650987,36.94879523057196,42.15556179763446,45.92602442945966,44.317113772324895,45.56864902897942
2019-07-04,32.09422767208175,34.67652788608569,26.445050113266436,49.98735735971334,36.510128800144365,41.91741926124944,45.04462843800689,43.32554719936298,45.872812058114505
2019-07-05,31.092232315158203,32.89564404784352,26.355526291513787,48.68131790959379,36.03460486891649,40.96809963783393,43.55747926999711,43.0873153679961,46.13546841990538
2019-07-06,29.71827921435492,31.438621146692626,25.063599815870642,47.81295846645875,35.57080671317896,41.416012699400426,41.55867444484233,42.26019575482605,47.04324290723378
2019-07-07,28.26938794469159,29.7419414463556,24.07627689719879,46.09667518226735,35.72741913772263,40.660018384434856,40.230184032491714,41.607334256540604,47.5000784964814
2019-07-08,27.879837204627517,29.192168678310523,23.394438317813997,44.27245321204773,35.37472493914089,41.337464090728,39.29153370905255,40.697480789119304,48.55675051345537
2019-07-09,29.051849187701595,29.567560508728192,24.32533794091874,44.2075787535274,35.31731792660876,41.67506923216441,38.759217700546074,41.68007607707762,48.74470753143538
2019-07-10,30.571393159596568,29.5544276674861,25.76234688969244,45.342699511335184,35.788816430956096,42.90608997665307,39.17326057924278,43.04574713837329,48.86032545581776
2019-07-11,32.91304083880422,29.094901043057053,26.570913807245585,46.58718932287527,36.54329644814318,44.408241488662725,39.23868714289207,43.639883290836956,49.10660847971863
2019-07-12,34.085703371817566,27.93377031392132,26.89899454813084,46.6879637259696,37.13626551158264,45.65989892067224,39.80382796624885,42.23269618331963,49.962164100208916
2019-07-13,34.82107978273806,27.336886388904706,26.273228058357294,46.08832687634131,36.96986665850768,47.253232064554055,40.19077702715179,40.90157728106984,50.01140476242373
2019-07-14,34.04590587465277,27.43897389554491,25.99044594444179,46.21996977011788,37.09931533008085,47.80266270105739,40.44941449345376,39.74650775705426,49.4633549899174
2019-07-15,33.672786192358636,28.10469882398222,25.18816414466309,46.67867272793945,37.15348379040513,48.4421331700518,40.53683407265738,38.91985328657193,48.928192817864904
2019-07-16,34.43053891585793,28.518082450957774,24.261095279489286,47.19834660337657,36.69007630288772,48.60934749474561,40.06405488003262,37.55166187407611,48.07882496034944
2019-07-17,34.986008126066636,28.19386378403733,23.091175930634254,47.88556424121072,36.61831338819649,49.10654521511771,39.7780145814942,35.78438151343582,47.41697644210479
2019-07-18,35.68262228530031,26.95868335725108,22.14988799806652,48.04751413415738,35.921263548412945,48.33474391732066,38.7303532205505,33.72329787628829,45.62315052344919
2019-07-19,35.4119060895406,26.28591060315847,22.548239611684064,47.511640208471,36.03524071258055,47.75105564381553,36.76658271764079,31.649358384272904,44.19897585655917
2019-07-20,35.25748073319236,25.78214574511463,24.04914524580161,46.71455628278718,35.35795501860596,46.48013551706319,34.71032868773327,29.684533788743906,42.40303431453771
2019-07-21,34.67678835828111,25.401562376455768,25.113452828401062,45.67913335520319,34.800549235946804,46.47539606934101,32.92737460736501,28.720209822415043,41.35204472809584
2019-07-22,34.099424963703875,25.049519709329985,25.288598635484686,44.499945332434926,33.813895445939444,45.10928431953897,30.953566655940715,27.373034878628232,40.34347143732258
2019-07-23,33.30416150344053,25.250897093031966,24.932603363507695,42.69269265791038,33.930260832554005,43.37644630050308,29.65100023148887,26.60132818111453,39.349376962843564
2019-07-24,33.10511751088236,26.490387515428765,25.067596286846584,40.73330112201754,34.88170263713142,41.80329659173817,28.946139185077147,25.031082770721966,38.683899789247654
2019-07-25,32.79166389152466,27.239554622228585,25.78875053704282,39.35142270406879,35.453952253376976,41.01127247994289,29.1537010173481,24.209744804810157,39.405393355310174
2019-07-26,32.73892574127418,27.979064484917274,26.879613136326213,38.372640300398835,35.31977212259471,41.05458532746996,29.068952522888583,22.968750425495063,40.213674451069195
2019-07-27,32.34317246223012,28.71056374393325,28.135330108351372,38.35096304434986,35.36070054710773,41.05852805929026,28.996037276282767,22.491826035398955,41.327345371350155
2019-07-28,32.43560294441027,29.327604351082822,29.007211206560402,39.09820001469239,36.45580262855296,40.558446604989136,29.239567813506763,22.45892232167797,41.10546974451057
2019-07-29,32.468160760919,29.09024148003611,28.925831268493216,38.99551562662666,37.138778934101346,38.63963922352564,29.710568573773546,22.522269176134227,41.22104313811657
2019-07-30,32.07337395459004,28.60811335998619,28.50410364791163,38.21382959418359,37.488579819236556,36.30337639841932,30.217449072767085,22.95549778481816,40.6739057161004
2019-07-31,31.665161621622705,27.313240708554886,28.231330546325808,36.36171613399608,37.22831588461992,35.15339178840883,30.35026918808835,23.101324591287476,40.37326835372384
2019-08-01,31.689000769635186,26.11090141315532,28.712869309078297,35.98340994938699,37.25886199784582,35.157995611096275,30.088994329752364,23.821325399993196,39.26823364006282
2019-08-02,31.272437654301314,24.327925562551428,28.9360625446017,35.98375699714689,36.91318023324514,35.192842997332896,29.58751570371857,23.823472104114114,38.33941205232261
2019-08-03,31.066552705449336,23.58849061608029,28.841082824990497,37.016406023119615,36.87266850294235,35.341216686376434,29.18116713023713,24.07306376585488,37.6404934211535
2019-08-04,30.451266958207057,22.353545988674608,28.254865083858572,36.74944493985346,36.11459831842131,36.43797592393367,28.876824465064033,24.176279628755463,36.585853972426584
2019-08-05,30.473067249326053,22.129573249186404,27.937598938144646,36.331542903022445,35.65626320933425,38.38041099065538,28.152547404339277,23.579223418958914,35.969502398411045
2019-08-06,30.318974115261764,21.696064254608256,28.81369133398176,35.35582705943923,34.58594444134442,39.77000913834594,27.326672287714654,23.17621428408519,34.85344365278441
2019-08-07,30.555612126379263,21.94559030158223,30.259406332693768,34.668294005273914,33.858640971490416,39.79957590912519,26.49001261653019,23.327102013559088,34.02956714863073
2019-08-08,30.522289578375307,21.501404754493677,30.968672471435706,33.871485132074596,32.79979962816787,39.05930473066871,26.02159477909065,24.13375562134304,32.89200440973982
2019-08-09,29.23517698117382,20.95620668020835,29.907250125305524,32.25613835872978,32.321798967296786,38.589197090067785,25.800783936369367,23.681981820636196,32.159755267451025
2019-08-10,27.58974508956943,20.757098433420694,28.24408611297375,30.87494343482202,31.52579656228602,38.425666287245356,25.02539772225897,22.652305624658627,32.245061430705384
2019-08-11,24.858099555655333,21.049919523266812,27.584613298845614,29.446588841293735,31.12286274698262,37.850624503121914,23.86484460241026,22.022545706620264,32.13897413712092
2019-08-12,22.81217916846262,21.83223436666434,27.32096125376914,28.446730576984027,30.080161219037915,35.34706848379138,22.18808022518525,21.310289270711362,30.822504689396826
2019-08-13,21.054924701134826,22.25638725100907,27.248755202518648,27.08990577378937,29.5738550562782,31.80148098753223,20.8468705659263,20.493651656574077,29.849162152172596
2019-08-14,20.432453323729195,21.656707019023305,26.163941792944126,25.314246789854007,28.638764691221187,28.102025485423912,19.846364001898877,19.274865890818457,28.652567026891436
2019-08-15,20.247010255700783,20.54924294960271,25.284944214453812,23.29594960854294,28.436474172767543,26.236353133633287,18.942197233478673,19.233127749852358,28.62725981076137
2019-08-16,18.94458697230296,19.205691465263357,24.586698558648127,21.835149658073806,28.51403544710979,25.501006188517312,18.096147387404926,19.37254979196334,28.67317898495996
2019-08-17,18.08035118398908,18.435887684448286,24.999752593520316,20.24845516612257,28.241063738836186,24.963261656686242,17.05249868510717,19.732824161951086,29.01204434317775
2019-08-18,17.15722867668131,18.408243726562702,25.578086182268446,18.658048724506344,26.768278823922486,24.07856732792477,16.12903430748162,19.88302960634758,29.414893802396858
2019-08-19,16.970982394997566,18.47268894050224,25.296649715997336,16.57781760325351,24.816027499825253,22.891788503654137,15.326373066842507,19.721229506833293,29.40931581924373
2019-08-20,16.361474948089782,18.77646541182381,24.287513910757966,14.7173620591886,23.449938656403912,22.818525274258587,14.312903908901427,19.249823127500665,29.348502997791474
2019-08-21,16.01969584600594,19.566065639303268,24.207568319572797,14.05498810696342,22.811949924993986,22.979088533944132,13.890289625528673,18.642514752185825,28.424443737480704
2019-08-22,15.763717525344243,19.9051892229736,24.988960597629177,13.773038178360983,21.736816131877518,23.41424799652582,13.668025449078513,18.383443499175588,26.73861700902083
2019-08-23,15.975648568751161,19.732702658054823,26.33718928596664,13.909209005561431,20.079300089367376,23.50467652793859,13.926031910840427,18.154673490185804,25.06815524625719
2019-08-24,15.312403890629056,18.61954117282752,25.976485269924954,13.764794707229733,18.838769939683157,23.42485128870668,14.175168635218142,18.2966224595035,23.526554835696718
2019-08-25,15.221152062186825,18.396986377564218,24.887078940796453,13.812329553627945,17.79390661957045,24.385751649512837,14.253041088329212,18.3649723812208,21.810984176401586
2019-08-26,14.852145174832557,18.104925768847668,23.234096132750306,14.028464873601166,16.855015255876975,24.130154865557472,15.31661537729988,18.90837069039266,20.065123391849394
2019-08-27,15.270138774886528,17.946704276424253,22.66718837838656,14.244698710203748,16.078443634018342,24.009202744744602,15.866756852559115,18.720006749520923,18.504807167616352
2019-08-28,14.74594362521904,17.673613288198588,22.60653529126046,14.419837638012922,15.654011714543843,23.93892622950244,16.061456105589524,18.886314324021814,19.250435081939376
2019-08-29,14.299671851255363,18.424429147378575,23.285245963932198,14.95942300338848,15.802679968903156,25.19582928514853,15.052159431202133,19.417352499804707,20.64658837590184
2019-08-30,14.021436104742639,18.927393039983844,23.172361098394195,15.09174914974139,15.134201561680179,26.846048318246584,14.308237823720054,19.67747063014675,22.212144481477605
2019-08-31,14.140353490257914,19.74033234082637,22.965284205811415,15.33335493715311,14.913759516604932,27.13345109961053,14.27192539574314,19.202618640378365,22.076306786978947
2019-09-01,14.450169334280494,20.052465905779204,21.506785133947186,14.433361163488334,15.462116347682331,25.907923220827296,14.100800095430595,17.53263214315577,22.2422251304084
2019-09-02,14.774011041607636,20.48575132547274,20.592447516289017,14.027482343816748,16.388856659751614,24.56834431161215,13.929791430721565,17.26106220690254,22.910224368463712
2019-09-03,15.221418903501677,20.634807836043773,20.25834656762218,13.44088125213679,17.16675647857364,22.690809635412418,14.188850759956333,17.305627839093543,24.6699882475268
2019-09-04,15.649637828760476,20.93177651382913,21.22025164966575,14.550303244482642,17.476866683735356,20.772621831590477,14.799702046164844,17.98900201119864,25.55670654004149
2019-09-05,16.142936514931197,20.913001654038545,22.766030711611574,15.62161256795027,18.56774190096972,18.18996573516135,16.14776021106542,18.517726593757,26.06002789703449
2019-09-06,16.64510497647514,20.84620571914914,23.03354130025626,16.5256108980147,19.830956165424507,16.31220321395554,17.01149495426501,18.923795063269754,25.66465141625193
2019-09-07,16.971904751679514,20.765472355674294,22.63600456469135,16.528934786970822,20.741001127516217,15.861615587428508,18.164156159814233,18.715828337945805,25.59003009084314
2019-09-08,16.267048476335173,20.09525968142793,22.15877321503258,16.73308606344951,21.27160062288272,15.609721057499462,19.420925332262758,19.059974980927525,25.69850493869078
2019-09-09,15.897822063948555,19.535498357019133,22.409850578245113,17.300544484461685,21.36429051589417,15.558243605251867,20.498328907392185,20.117768510027922,26.987316884078144
2019-09-10,15.577642922533562,18.259701892030733,22.617766739147594,17.741955932626343,21.45739519555742,15.411138814885467,20.94039188380604,22.28618082560742,27.918998201411025
2019-09-11,16.140276525605643,18.02429797319304,21.393124822122346,17.713150723011115,21.005029975136313,15.734900634908277,20.569625538548287,23.8546914260633,28.448932530209415
2019-09-12,15.82748494803054,19.01193177452898,21.37160123036664,17.330933044492152,21.05835989127478,15.694320794793489,20.161950333913456,25.03357992477582,28.60628713691965
2019-09-13,15.129094217088046,20.44969319023041,21.634818491118626,17.18706421144395,21.075250630225174,15.579620023326024,20.23420893373468,25.27992791421418,28.546080519908397
2019-09-14,14.59347846083359,22.30187406791731,23.118591347373563,17.402254785806907,21.7848792088935,15.805842364755085,20.589346321228344,25.710825544820192,29.123477145017603
2019-09-15,14.450881350004735,23.372161898653626,23.293261982960605,17.37233360772783,21.106237326200603,15.770147811057697,21.172074008247847,25.67008746820372,28.2373205077109
2019-09-16,14.80869808073602,25.827976020342444,23.225245982320416,18.280354119248017,21.8247857078926,15.70996005089824,22.11794097410582,26.598543221148137,27.24042743966704
2019-09-17,14.728275416755501,27.252412996752323,23.135360451410765,19.505689851835438,22.06550154642123,15.220128658128873,22.78717499691542,27.378704343720596,27.077055648275365
2019-09-18,14.705418825829454,28.157421509626648,22.950719328466295,21.248240052635868,23.76955903152303,15.71148830337802,23.24770469502053,28.587647135506618,28.623981589570576
2019-09-19,14.500826013569911,27.912449092447314,22.930742301007186,22.17524197288572,24.263835844019003,16.229416844085605,23.25845545203271,29.87846615152691,30.958943759196956
2019-09-20,14.666132450360854,28.35426157055656,22.444507442800532,22.63808791169275,25.112557682329093,16.35745063940171,23.508750287885135,31.370603017790803,32.265981930079825
2019-09-21,14.905877816007388,27.890365917752835,21.566520155417276,22.907678339794852,25.72048170137526,15.871252622824661,23.294644510924368,32.650224588904614,33.35382556058706
2019-09-22,16.113739432456523,27.237743287897036,20.945365971456056,23.202409386924483,26.557235761150597,15.08080618085666,22.49677341598532,32.89588876304234,33.8389034138309
2019-09-23,16.75655166643006,25.79685898182737,20.485297302604717,22.911594851872945,26.482923182571767,14.611258532679656,21.808225238939016,32.16110070776381,34.07025250703989
2019-09-24,17.226823431837857,25.348833531226006,20.757603721149213,22.810935039697018,26.26939184178198,13.771783764299634,21.900781889864884,31.534289328415657,34.55869604731145
2019-09-25,16.95655903908099,25.312905847352862,20.839445626304805,23.213728109983716,25.669124079776992,13.539362509179272,22.1986435790589,31.80495961753613,35.811770525932594
2019-09-26,17.51239993594041,25.82574753906486,20.839445626304805,24.07289482694104,25.462292243115044,13.255718220497245,21.32771246262364,32.27257543968454,37.38514834381286
2019-09-27,18.362031054429803,26.199911719330085,20.675317404287664,24.464242077503666,24.699490042912217,13.598843756042927,20.19865667911324,32.801273724105464,38.33139656612118
2019-09-28,19.09528552126508,26.38917076071152,20.658311570509756,23.80848098639977,24.066244229064296,12.881470207671073,19.774748509442357,32.687170801267996,37.97017155182507
2019-09-29,19.08930001352301,25.856294279085784,19.98031374212515,22.72462692615832,23.271004173736802,12.364376925214922,20.0283712283712,32.26949347630336,38.16688278281985
2019-09-30,18.905788466088875,25.413082932282624,19.51871005961405,21.95377737772539,23.37691468913898,13.189403605096127,21.30103519668734,31.702462015639338,37.873157844753514
2019-10-01,18.55215551995134,25.04364205008655,19.147464592744317,21.553491809404957,23.061629433801084,14.909646435459194,22.45226863692334,31.280089642768417,38.23408975158536
2019-10-02,18.37187427083108,25.805552951497912,19.749572951908792,21.67262435293718,22.765686464047082,16.682601565642518,23.961636828644473,31.34544212309335,37.69016229528879
2019-10-03,18.233515446437412,26.756362044963137,20.612214119332013,21.799584417364674,22.331549142987758,16.875561588689575,24.18989022331466,31.176707195256483,37.46432956139921
2019-10-04,18.371701853598992,27.433976312285523,20.99918774441592,22.093133544046054,22.42288372918956,17.121822282741654,23.687738212470027,30.831720698031063,37.050993680116086
2019-10-05,18.79068717210619,27.60237320273526,20.834515971172454,21.535753887085523,22.749015293804224,17.379836211356235,23.159995200371572,30.750768441484652,37.29641400268705
2019-10-06,18.83016416005758,27.032214452541947,20.23931791845631,20.182804531095346,21.412268120267196,17.294771768130925,21.641425714469964,29.872505377352052,36.88982160098897
2019-10-07,18.635727995952305,26.51132452325517,18.57538013461698,18.57175102479728,20.062646608740838,17.39917339256647,21.3365980072393,28.815419902641697,36.17457884304152
2019-10-08,17.860819416117057,26.27038262644574,18.03319585749294,17.309885978971373,18.824533897368795,18.13352018047191,20.305375404106154,26.87257409955578,35.42944414696131
2019-10-09,17.57814579651549,26.95283590209374,17.806052877566287,16.89373587376258,18.84489015776585,19.404621429372053,20.69137807341352,25.546275370192713,35.27755670416877
2019-10-10,17.0132837629924,27.59843807565335,19.084023977332166,15.925303740671813,18.66714904146848,20.789742640040277,20.742033248761373,23.895519644624954,35.360550244355856
2019-10-11,16.950527140233913,28.37979459199951,19.93616341181455,15.494983672260574,18.412857481772022,21.501000257134923,21.476401411039024,22.525901060828787,35.3559871881487
2019-10-12,16.919399227208004,28.599696909929964,20.811761636813166,15.336433619657347,18.059546821371402,22.45933719911747,22.04111876400697,21.641537717978427,35.48776717015545
2019-10-13,17.289774143439157,27.01384391911267,20.049673700609777,15.7291747137457,17.62273408259651,23.265817236478572,22.240172033469435,20.39869065775035,35.47771120383113
2019-10-14,17.432223744369082,25.111194373802064,18.97930576528113,16.035930248941728,17.207651214705663,24.20774502672194,22.302623011230356,19.565397237345746,35.429250912178276
2019-10-15,17.10079835101874,23.05608361913184,17.853395279860646,16.19555527429625,17.29423807916746,24.812344633522574,21.821506211180875,18.821640543009206,35.73110748965163
2019-10-16,17.22861179612582,22.255840634594836,17.643385941352577,16.518436110898232,17.056263359099166,24.747188562002425,21.20551002553155,18.42559404630052,37.57866558025585
2019-10-17,17.29423080163274,20.539594508277002,17.394779825879684,16.077734654565962,15.579816972310416,24.309583761035814,20.456214070957984,17.384561200208918,38.696158619146274
2019-10-18,17.827450607778136,19.072619034345735,16.70232569087653,15.11715390076021,14.057541370144234,24.14049841953668,20.40802551281455,15.658161207420198,38.67776558283537
2019-10-19,18.02061237520109,18.064152898887567,16.79873336227539,13.997212284153115,12.67871070508688,23.974723999496984,20.65392962055761,13.926641092717952,37.09405212993264
2019-10-20,18.4729914466734,17.778242141165407,17.616618632413363,14.035597017716663,12.513011607419365,23.561602366954787,21.696146479150134,13.054706384298717,35.316731712107675
2019-10-21,18.05230659446313,17.362673863411942,19.16067786334118,14.392738369394985,12.213820991075876,23.343689649042073,22.835740839798405,13.523479401472605,35.134091847976556
2019-10-22,17.35405363618744,16.819599477854048,20.13623507741391,14.546791623344701,11.636459343142457,23.67020928800622,24.209857795529214,15.669251121369157,35.82950907241585
2019-10-23,17.002731664823756,16.80643292090869,20.008999741750028,14.119529720774835,11.109107400817365,24.451897123819705,24.711357832295604,17.995007278135525,37.11803565106336
2019-10-24,17.371513151865884,17.67946017826882,19.68405001837326,14.050904656428932,10.901972805551722,24.575429747352327,25.210989413958128,19.490796737014758,37.733486257350286
2019-10-25,18.02365842789466,18.818770075719662,19.91959489112269,14.302415612489964,11.358291545312257,24.38289222509995,25.283227947316544,20.14385421811265,37.720522146461406
2019-10-26,18.23053559383803,19.710335257942287,20.698115246178087,13.890038197830435,11.794176071434874,24.15028350407461,25.788617550868878,19.90738184691399,37.50541912255645
2019-10-27,18.202009749778554,19.968458549773445,21.358173154290654,14.031897329769144,11.589614591703942,23.97021537624529,26.431981996184646,19.98442409966356,36.563818471620856
2019-10-28,18.71715743257676,20.759977923264103,22.083691828670823,14.018646138443472,11.323177372465944,23.654099992824708,27.15097267681215,19.882721833041916,34.17751553594062
2019-10-29,19.106417366934792,21.493668430580737,23.037820961087306,14.91493748126585,10.952984672493743,23.293856281545448,27.192072821053646,19.302794583693412,31.91093246729548
2019-10-30,19.706736019489707,21.855690178682195,23.836254781255178,14.928063100154043,10.908010966433702,22.944665917423183,26.841164487903015,18.65656996081756,29.991226644204612
2019-10-31,19.26207593331486,20.84627637292896,24.161834049321893,14.928961829971023,10.208972277665804,21.983955370818393,25.511202104655798,18.322456929689647,29.423244961997273
2019-11-01,19.17917423330309,19.658965940232594,24.413291943421058,14.82230839672836,9.730983770104276,20.92864673173204,24.88153678075219,18.96798642747648,28.94656912868828
2019-11-02,19.12008111989891,18.34615438107088,24.23460575752476,14.963382747193327,9.206149280125322,20.210769129385962,24.027322112554202,19.524851410430898,28.78641154047314
2019-11-03,18.978852843249378,18.133574702888932,24.046950204746807,15.478518676759181,9.34977437144673,19.816385198720553,23.667500165913626,19.289031593791442,29.149055603904603
2019-11-04,18.912946488629427,18.386302409446277,22.06284282317577,16.321979654846384,10.001851375896782,19.93231716293251,23.983107158784023,18.649219940891694,29.252409551856903
2019-11-05,18.380359815425024,19.336321780739514,20.452225311882373,17.293519149000314,11.172990978221696,19.712629597801183,24.58767459941693,18.37271858243199,29.845031464384448
2019-11-06,18.159899958956068,19.4289981431448,19.691098686357755,17.87390008543225,12.247803034447186,19.994601044617138,25.649632743197362,18.475275841327726,30.017974451062855
2019-11-07,17.744503604636048,19.389542545540984,20.23710504487718,18.62411398552543,12.38884488918419,18.976312583405633,24.783797520219284,18.938905759357223,30.22587539031075
2019-11-08,17.927149665480055,19.16183541026003,20.269245135316222,19.141084247536355,11.83425513329803,17.412874392696995,23.841079851559044,19.17611541185855,29.316442877319542
2019-11-09,18.318061526048414,19.294524376818767,19.680320549297047,19.77271325989081,11.436237020107123,15.149587704803805,22.522705265696032,19.66624527889282,28.57209095110608
2019-11-10,17.883329714485566,18.97717161969612,18.76747317404143,20.021707869285862,12.086074662403789,13.74971785463318,22.908731178522675,20.544349262600075,27.46244041969574
2019-11-11,16.952086561584764,18.42260808912234,18.437125263108957,20.60561854475965,12.745539011622961,12.763890268525437,22.539004017163368,21.408655057238125,26.82405538544352
2019-11-12,15.967010239434154,17.98967123518599,17.75457078063509,21.580875693871093,13.15829567730971,12.431578520856567,22.90629872035959,22.36913858183884,26.29865991980896
2019-11-13,16.334414601483093,17.91564572196775,18.297555256138466,22.325733796627095,13.168318706134315,12.190493698421983,22.95744467327624,22.91152088226609,26.672534016064844
2019-11-14,17.585020003829893,18.104709877894653,19.541720164172784,22.81039574043579,13.838672317664402,12.142371139420876,23.66421867059297,23.915524905454692,27.51563051021741
2019-11-15,18.420981017248167,18.405362271371146,21.299150851510195,23.060154688749332,14.76819000872542,12.30671815049831,24.19492414906009,24.788150253914154,27.970214838434597
2019-11-16,18.477546530028974,18.80165086079729,22.00588744357852,23.382114781057,15.572350669175146,12.514553230945287,24.500601678300313,25.858247769628047,27.441665628159086
2019-11-17,18.680168383234886,18.869400648750958,23.200706105659375,23.654689395806457,17.021603304022182,13.746080324541346,24.806173178623197,26.046231700789917,27.46311116689984
2019-11-18,19.67158701891069,19.630047881607478,23.59103506523594,23.879495048487556,18.484810612277737,14.877140058074167,25.51569782461868,27.059278251222594,27.822825599781837
2019-11-19,20.83861694502409,20.05146220193208,23.965544980267676,24.09696681404733,19.8440688645141,15.95766442758331,26.003931879563595,27.55241925245257,28.513285349148376
2019-11-20,22.01023640443073,20.796409446153557,22.864001519666534,23.819425606564817,19.976359545490297,16.83938602024573,26.26611789646042,28.115853868071365,28.43981003181607
2019-11-21,23.294316013625462,21.015260961998816,21.798926732633703,23.26571665155862,19.785960349027825,17.439526247114337,25.893949265072976,27.041899738757962,27.187353388522393
2019-11-22,24.7567524192561,21.780251424325,20.87233118003771,22.999440934755867,19.747655607448028,17.863374124234856,25.426530412733428,25.55862638715756,26.15520648290311
2019-11-23,25.18761274666815,22.033690247738548,20.508298006750934,23.2305770554098,19.940553156826613,17.518572280314846,25.73378535110599,23.878574082337764,24.835094435200006
2019-11-24,24.49810995827797,21.658207199852843,19.702820761483114,24.034457683734562,20.655434137942315,17.393014879736423,25.406569334968637,22.8455122352941,23.92774448357407
2019-11-25,23.417272219475574,20.799122936163315,18.96452532005542,24.491066659613324,21.537641719901757,17.50547626943523,25.184510268481088,21.72166094327331,23.076736474281045
2019-11-26,21.711261998750057,20.186327862013478,17.438197360580435,24.58175435598157,22.7098291600277,17.603451215074358,24.65678522486449,20.998401022679115,22.636737469203492
2019-11-27,20.61553261689421,19.832886879450484,16.619687874354167,24.830673442817968,23.908814032871845,18.272269674421697,24.26592712723948,20.589946904721852,23.32562827775381
2019-11-28,19.874820727430162,19.356310220817747,16.98596676230488,25.27534071728461,25.04876537631982,18.67161026300531,23.897316380188368,21.702695937102522,24.246829535533163
2019-11-29,20.291014155229785,18.893618745897896,17.63121431873277,26.082457083447718,26.03933697704071,19.31669885622288,23.631552873511293,22.964843087513984,24.85868312313987
2019-11-30,20.661378094100467,18.78882768418167,18.689062017145567,26.584666337215015,26.824401505454745,19.401272360071285,24.11613889904614,23.952493510633477,25.22413448377588
2019-12-01,21.05728276657121,18.786848506877533,18.516666844582804,27.403134485896885,27.754138493198223,19.08250579366385,25.072243150634083,24.203617268022487,25.643833108829995
2019-12-02,21.28843151823527,18.677987638421964,19.49316304909645,28.57734346109918,28.785163275133517,18.39941384627318,26.829892401809047,24.57492596794423,26.038637551827208
2019-12-03,21.27873203222831,18.47261614133716,20.521664877921612,29.56823138064119,29.822338589262813,17.88986946069385,28.449834762290973,25.24389079720469,25.93080419150716
2019-12-04,21.319655718548194,18.193753374460698,21.39938862750893,30.385949519076462,30.07543788254615,18.126923953863795,29.806765462888986,26.14453288805593,26.42819375613629
2019-12-05,21.509113172167286,18.427253134101182,21.486852253570863,30.606531183991127,29.84893775211913,18.530916349830875,29.67036557342384,27.385300510716945,27.221176726370828
2019-12-06,22.323608499780637,18.29755849759307,21.604777407224883,30.644417047456184,29.16690765053154,19.095859558494244,29.652069783434616,27.922258046353534,28.030328162514067
2019-12-07,23.22717273213605,18.589170592787273,21.45241858087077,30.81011378834893,29.092309313983552,19.55879420431234,29.46909324153222,28.66535322448506,28.351185190471185
2019-12-08,23.452878213350278,18.487434506927613,22.00034031041832,30.675461476240375,29.331003694971184,21.094016905210832,30.19415619642648,30.062972267222833,28.522505039703038
2019-12-09,23.17379753670305,19.03230972778516,22.32228935374141,30.845465601462834,29.861812253397662,22.678944398034034,30.686076418844255,31.780611544717896,29.252267720802394
2019-12-10,22.812924842944692,19.38781552162427,23.475797936121428,31.208362906032367,30.02692274988358,24.04224145517327,31.26153658926165,33.7432946969029,30.073216054266933
2019-12-11,23.201674050245988,19.838557509203763,23.807515967215412,31.955546613341298,29.965088284003187,24.55071756140798,31.247207500314193,34.02766956361666,30.815560893255423
2019-12-12,24.540405238307113,20.261971467448628,24.896044023345798,31.87909388733193,30.686433076380677,24.440455278498813,31.6570920020601,34.50408968836529,31.727744118044075
2019-12-13,25.679129474057664,20.78203802960789,25.952482241775446,31.102828301478933,31.618200380249732,24.374249503242186,31.59476028061034,34.45265828380686,32.420194564531364
2019-12-14,26.293896918324677,21.486516512555283,26.24386246118487,30.682893835279703,32.60507808139611,24.211325509173445,31.74480151028799,35.0810285025987,32.75400651124654
2019-12-15,25.540394513144026,21.260372233267663,24.26273274390896,30.503320982373634,32.197303638916296,24.667018596833486,31.97307359715477,35.00773339670431,32.03101913085819
2019-12-16,24.39538789725124,20.983326030474675,21.837678302244797,30.490935273877565,31.45014633381223,24.342504251907496,32.61820644901302,35.88033756407223,30.64689218927352
2019-12-17,23.69673230515096,20.643985070113114,19.850770647833784,30.045053887310303,30.572440712236567,23.95074150825487,33.54652374521941,36.455140587360575,29.15813522900824
2019-12-18,23.177816394157045,20.578946841319183,18.690817221306272,29.272044562993965,30.805716120625917,23.171991147670596,34.15499456532157,37.85865740194996,28.295508370574254
2019-12-19,23.398224389496054,19.742490452745525,17.766668764940988,28.464110672017664,31.586230215407095,24.273277803987597,33.47193644791923,37.09355789251894,27.879136154767707
2019-12-20,23.249134871732796,18.77951719674222,17.28240056917895,27.82656267696866,32.78606005205083,25.47474805720054,32.67515189216743,36.45281958454073,27.939881883912715
2019-12-21,22.891178235470104,17.974610547683774,17.578778060572564,28.01046023724602,33.47771098129283,26.209967656420577,32.089783833193835,35.49564546730529,28.102471771123287
2019-12-22,21.706882225418084,19.10219474270229,17.891821138522594,29.465754066894856,35.061300882157006,25.338985792061965,34.03208481924867,36.155494321601516,28.918692309084516
2019-12-23,21.148306289417096,19.922021777112437,19.89021842156494,30.82048570740432,36.5364133868119,24.27223776276453,35.531691067520455,36.96779802238905,29.595329464624715
2019-12-24,21.217271583342015,21.002481783630625,21.93126741530756,32.2517743914598,37.85202730328146,23.455457884139435,36.71888452095494,37.962897801485774,30.544147075417325
2019-12-25,21.862047762998326,21.005656748753513,24.323994688034833,31.862272207557684,37.75094283576684,23.489117749331673,36.69278934963183,38.85492028966894,31.010501758953023
2019-12-26,22.127482344917098,22.284576259517774,25.755624969590816,32.17169171005738,38.31574423865811,24.08733978970228,37.10725846317518,41.28138170697392,31.07835235374884
2019-12-27,22.620265922960016,23.14695263037157,27.466567411083542,32.348429938483186,39.28015216056965,25.17110236651499,37.44955894728603,43.867224663206876,30.818959478796767
2019-12-28,23.135275605827534,24.366078151628997,28.808254025473406,32.58732636839827,40.399650033490225,25.58533837627789,37.90534173188181,46.42150307955425,30.0656057554712
2019-12-29,23.492311662186825,24.804261941075378,28.528952779606815,32.30867806840764,40.525736171899005,25.326964416156983,38.284760078354175,46.86534486342955,29.63444087575247
2019-12-30,23.384702414951676,25.60331336016269,27.80052002009258,32.102248764882056,40.58800061567022,24.85043321550003,38.654745380539886,47.05930675086796,29.17649584909982
2019-12-31,23.48253539907027,26.292205284597827,27.353260817785667,32.17832599026008,40.66242742864629,24.835522914348115,38.7859086798015,47.55646441108447,29.177840903203148
2020-01-01,23.509956722646024,27.003540881999168,27.900641289815322,32.19686079015273,40.83222235539996,25.324471300536988,38.954110629790726,48.20464394039953,29.293508382807328
2020-01-02,23.81915926106365,27.629405978154697,27.723318810907173,31.425995849071125,40.93378953768663,26.543387827620013,38.38995313574859,49.027479060844065,29.589194630592534
2020-01-03,23.70709964336358,27.982597109460183,27.401145166787767,30.628806371645794,41.451127896424815,27.740851835016667,38.35543955264513,49.154859213105716,28.913777477842032
2020-01-04,23.799642806658213,28.515178138620033,27.180724803500965,29.961037799696385,42.791615403979314,28.736109772673363,37.95661817237965,49.73947085859962,28.30144913448839
2020-01-05,22.977065181179345,26.956056816438643,29.605758330695096,33.53382390827609,44.05232783341932,27.855339664990083,37.2759712023363,46.962596607711454,28.284698186477055
2020-01-06,22.182859863823676,24.926751230477162,32.937235043488954,37.65097175139709,44.70703310865241,26.245692498206495,35.8677799491257,43.48356854202325,29.343280834767246
2020-01-07,21.965644884783178,22.937804307609113,35.4898334613679,41.580061428760956,45.204915355364044,24.085194519071923,34.22776095377268,39.22679966986976,30.029621677877685
2020-01-08,22.484918633848533,23.039586155587532,36.21273644399928,41.712183063286524,45.64117279566432,23.19046408024119,33.33855991265319,37.86333794329634,30.03386459419058
2020-01-09,23.40514407652549,23.18127339011487,36.11898435948028,41.46178020674378,46.45371883260888,22.66892432273063,32.816870146777376,37.32366038142403,29.85574855685637
2020-01-10,23.725356738184928,23.14821692353784,36.54092635595791,41.10290915416757,46.59486088042044,22.617575753005827,32.70667631588577,36.86128992410919,29.80164430083579
2020-01-11,23.759950121466137,23.40930131299538,36.82147952469353,41.41999083932881,46.574379158818196,22.818441597724544,33.09524147118652,36.72233493391226,29.982361739721654
2020-01-12,23.092286316779887,23.290615477198333,36.901502394438154,41.74707878721154,46.38810071143816,25.064528774216683,33.126573308073915,35.95112900218941,29.223652780860334
2020-01-13,21.84308528682966,23.22396356158853,37.864878825298085,42.250946896460555,46.48823636715236,27.417621149244926,33.27488002780094,35.700620105848195,28.659839736735773
2020-01-14,21.31023339596426,22.745790693714824,38.87858857960445,42.06279745513748,46.69075104029545,28.404843311165887,32.79000213407861,35.51170908905386,27.8673119102456
2020-01-15,21.719653286601197,22.807704384409465,40.12320844227853,42.20410166411748,47.62440522360103,27.585546092416873,32.259684940099476,35.24126151476265,27.78546522599191
2020-01-16,22.87564140079834,22.23413107314944,39.77136347619676,42.268208736646834,48.6050512083737,27.33008123920685,31.609235757763418,33.9531715407167,27.492502022077975
2020-01-17,23.4520415641227,21.540762430465467,39.89331829089497,43.04043596773919,49.462064831191924,28.205716489842104,30.97759779618255,32.52349678992717,27.285190127579913
2020-01-18,23.625228263538418,21.18123497889008,39.88928641915387,43.8900814280793,49.156489819290634,29.26420859316634,30.772152122463723,31.874339232941264,27.126609830979913
2020-01-19,23.053115109494353,20.59220459018668,39.26720597811618,44.758281976454064,48.56659431011277,27.8577422030266,30.316547223532258,31.62909055950185,26.79042676794052
2020-01-20,22.132392274295455,20.128984116117866,37.936048086317406,44.220059271168,48.0777817768776,26.297845368475787,29.401960975265762,31.82127261807331,26.410888572731583
2020-01-21,20.96105334232266,18.981080487043304,36.31707325474685,43.63957506023331,47.25949654583192,25.20188087614707,27.80478620447053,31.584538330829066,25.58085910073714
2020-01-22,21.09279713135545,17.471952618372327,36.26251436771775,43.1852615338012,46.17467599884745,25.801834016635482,25.6893992703075,31.46839266823696,24.597981798366515
2020-01-23,21.254586074656014,15.942887179700685,35.54668304726686,43.52536516954196,45.08125296447316,26.3457757377067,24.784100506488688,30.866032065876357,23.507254782890147
2020-01-24,21.540164438561813,14.130607643889638,34.549079712494404,43.388429465722,44.07414179845795,25.855271699941458,23.971232795862644,28.844246490245023,23.480167392455225
2020-01-25,21.118934347461064,13.202773182611914,33.27728144040527,43.122988096440245,43.326148070307845,25.395287687151693,23.926736473817044,27.112225006961822,23.962944817007667
2020-01-26,21.118323781788618,12.38391121438554,32.26332734546526,43.01350484127946,42.833555565695484,24.808182167683853,24.322777808698234,26.278382923119736,24.0371356709129
2020-01-27,21.0246311712659,11.578276985607895,31.356673864602794,41.81920173947197,43.578427324703966,24.673758544314165,25.695127005219394,26.5416785247612,24.11051284834453
2020-01-28,20.926395578180962,11.184296619005222,29.90007475391089,40.428757311619954,44.35154813983496,24.96791083652518,27.612808031185068,26.1964156277798,24.34662484129173
2020-01-29,21.336395504232474,11.067265104903441,28.754521865199433,39.07583891157751,44.98273736986378,25.22071512196958,28.135333564610534,24.59154820296908,24.092529589513674
2020-01-30,22.517964623108096,11.841725355912642,27.31371396309122,38.844945175236276,44.841977242952275,26.503858390312946,27.72064510424239,23.79844355173635,23.041662198231688
2020-01-31,23.667480362705618,12.485426622685713,25.929128204607753,38.40654771184953,44.44327744131143,26.868412665781914,26.746506052910362,23.883076841901403,21.586155344840137
2020-02-01,24.409889983086277,12.833859220421834,24.872202150397612,37.85497248671833,44.03880497802216,27.406180741964345,26.354859502260087,24.428014057963594,21.09822195681198
2020-02-02,24.227418074838837,13.119494827864125,25.41397457461935,37.64455769119835,43.548233489709,26.115566404810078,26.440312421264775,25.572159675923402,21.7384675374612
2020-02-03,24.806430844693107,12.61634409993733,26.580961772669138,37.94362551389638,43.600711100688464,25.024752082038617,26.161865563070847,26.584362643672918,22.219974625529687
